Week_Date,Forecasted_Passengers,Year,Month_Name,Week_of_Year
2030-07-21,236313.33468412483,2030,July,29
2030-07-28,235467.31993695325,2030,July,30
2030-07-07,234843.1124670765,2030,July,27
2030-06-30,234365.64609942588,2030,June,26
2030-06-09,233369.64043555644,2030,June,23
2030-06-23,232904.3026989014,2030,June,25
2030-06-16,232836.32849456993,2030,June,24
2030-06-02,231526.4585634581,2030,June,22
2030-05-26,230117.67645180708,2030,May,21
2030-03-17,229710.72958598568,2030,March,11
2030-03-31,229212.14699031803,2030,March,13
2030-07-14,229142.77774561153,2030,July,28
2030-05-12,229112.4876169844,2030,May,19
2030-05-19,228998.8548921105,2030,May,20
2030-03-03,228327.08570431545,2030,March,9
2030-02-03,227504.39794814933,2030,February,5
2030-04-28,227466.83521474872,2030,April,17
2030-03-10,226919.21406589836,2030,March,10
2030-04-14,226534.78108386637,2030,April,15
2030-02-17,226484.65728040552,2030,February,7
