ds,trend,yhat_lower,yhat_upper,trend_lower,trend_upper,additive_terms,additive_terms_lower,additive_terms_upper,monthly,monthly_lower,monthly_upper,yearly,yearly_lower,yearly_upper,multiplicative_terms,multiplicative_terms_lower,multiplicative_terms_upper,yhat,Year,Month
1/4/2026,101838.0369,87906.63847,96979.49969,101392.7634,102326.4138,-9440.316031,-9440.316031,-9440.316031,-875.712855,-875.712855,-875.712855,-8564.603176,-8564.603176,-8564.603176,0,0,0,92397.72089,2026,1
1/11/2026,101936.8218,90545.99656,99271.38415,101451.7011,102454.6414,-7085.150312,-7085.150312,-7085.150312,-19.37735922,-19.37735922,-19.37735922,-7065.772953,-7065.772953,-7065.772953,0,0,0,94851.67151,2026,1
1/18/2026,102035.6067,92485.52744,101470.4511,101518.9766,102585.271,-4783.95389,-4783.95389,-4783.95389,949.4220764,949.4220764,949.4220764,-5733.375966,-5733.375966,-5733.375966,0,0,0,97251.65283,2026,1
1/25/2026,102134.3916,91985.4747,101210.0484,101586.1014,102720.1848,-5405.976158,-5405.976158,-5405.976158,-200.8740803,-200.8740803,-200.8740803,-5205.102078,-5205.102078,-5205.102078,0,0,0,96728.41546,2026,1
2/1/2026,102233.1765,93305.50276,101599.9877,101651.8638,102859.4806,-4927.110326,-4927.110326,-4927.110326,30.85637091,30.85637091,30.85637091,-4957.966697,-4957.966697,-4957.966697,0,0,0,97306.06619,2026,2
2/8/2026,102331.9614,93570.86013,102708.3326,101716.0565,103009.8005,-4126.751781,-4126.751781,-4126.751781,247.7751345,247.7751345,247.7751345,-4374.526915,-4374.526915,-4374.526915,0,0,0,98205.20963,2026,2
2/15/2026,102430.7463,95257.5695,104228.5869,101783.0336,103139.9991,-2750.002496,-2750.002496,-2750.002496,722.6212487,722.6212487,722.6212487,-3472.623745,-3472.623745,-3472.623745,0,0,0,99680.74382,2026,2
2/22/2026,102529.5312,95585.11159,104301.3604,101846.0624,103273.2985,-2440.904771,-2440.904771,-2440.904771,184.0458974,184.0458974,184.0458974,-2624.950669,-2624.950669,-2624.950669,0,0,0,100088.6264,2026,2
3/1/2026,102628.3161,96142.43351,105073.5224,101906.8911,103414.4735,-2092.817657,-2092.817657,-2092.817657,-135.8755565,-135.8755565,-135.8755565,-1956.942101,-1956.942101,-1956.942101,0,0,0,100535.4985,2026,3
3/8/2026,102727.101,96017.63093,105540.4425,101978.1839,103545.0794,-1866.92134,-1866.92134,-1866.92134,-560.7701061,-560.7701061,-560.7701061,-1306.151234,-1306.151234,-1306.151234,0,0,0,100860.1797,2026,3
3/15/2026,102825.8859,97312.79876,106464.5387,102029.5994,103678.0867,-778.1027687,-778.1027687,-778.1027687,-119.7435984,-119.7435984,-119.7435984,-658.3591703,-658.3591703,-658.3591703,0,0,0,102047.7831,2026,3
3/22/2026,102924.6708,98816.14883,107096.0314,102075.6655,103812.3875,39.00179823,39.00179823,39.00179823,338.0936832,338.0936832,338.0936832,-299.091885,-299.091885,-299.091885,0,0,0,102963.6726,2026,3
3/29/2026,103023.4557,97184.08552,106189.2145,102152.1083,103952.9847,-1183.951716,-1183.951716,-1183.951716,-781.1630912,-781.1630912,-781.1630912,-402.7886245,-402.7886245,-402.7886245,0,0,0,101839.504,2026,3
4/5/2026,103122.2406,97047.07648,106267.4546,102178.1842,104094.4286,-1418.255345,-1418.255345,-1418.255345,-764.4582857,-764.4582857,-764.4582857,-653.7970592,-653.7970592,-653.7970592,0,0,0,101703.9853,2026,4
4/12/2026,103221.0255,98173.1321,107164.1459,102232.9314,104234.3158,-425.9492341,-425.9492341,-425.9492341,80.70170177,80.70170177,80.70170177,-506.6509359,-506.6509359,-506.6509359,0,0,0,102795.0763,2026,4
4/19/2026,103319.8104,99973.5634,108750.1495,102298.0567,104370.7097,1209.184859,1209.184859,1209.184859,1034.192389,1034.192389,1034.192389,174.9924695,174.9924695,174.9924695,0,0,0,104528.9953,2026,4
4/26/2026,103418.5953,100013.5417,108891.4269,102370.2299,104499.6361,888.7734096,888.7734096,888.7734096,-34.31021392,-34.31021392,-34.31021392,923.0836235,923.0836235,923.0836235,0,0,0,104307.3687,2026,4
5/3/2026,103517.3802,100453.3687,109437.9679,102434.8576,104656.0587,1370.935442,1370.935442,1370.935442,159.0938565,159.0938565,159.0938565,1211.841585,1211.841585,1211.841585,0,0,0,104888.3156,2026,5
5/10/2026,103616.1651,100405.8779,109618.0469,102498.658,104805.306,1263.32201,1263.32201,1263.32201,164.813246,164.813246,164.813246,1098.508764,1098.508764,1098.508764,0,0,0,104879.4871,2026,5
5/17/2026,103714.95,100789.277,110032.6138,102551.967,104949.015,1691.445167,1691.445167,1691.445167,525.8776075,525.8776075,525.8776075,1165.56756,1165.56756,1165.56756,0,0,0,105406.3952,2026,5
5/24/2026,103813.7349,101220.9838,110283.8335,102606.1127,105101.6298,1980.080846,1980.080846,1980.080846,161.9102718,161.9102718,161.9102718,1818.170574,1818.170574,1818.170574,0,0,0,105793.8157,2026,5
5/31/2026,103912.5198,101961.7288,111288.6878,102648.5407,105257.8525,2421.548563,2421.548563,2421.548563,-342.2770562,-342.2770562,-342.2770562,2763.825619,2763.825619,2763.825619,0,0,0,106334.0683,2026,5
6/7/2026,104011.3047,101945.0553,111545.1975,102704.9964,105416.1349,2529.991649,2529.991649,2529.991649,-735.9988246,-735.9988246,-735.9988246,3265.990474,3265.990474,3265.990474,0,0,0,106541.2963,2026,6
6/14/2026,104110.0896,102484.1863,111343.0589,102770.7206,105561.9277,2697.378599,2697.378599,2697.378599,-166.5716125,-166.5716125,-166.5716125,2863.950211,2863.950211,2863.950211,0,0,0,106807.4682,2026,6
6/21/2026,104208.8745,101629.9077,111315.66,102834.8912,105718.8968,2276.341055,2276.341055,2276.341055,484.4370094,484.4370094,484.4370094,1791.904045,1791.904045,1791.904045,0,0,0,106485.2155,2026,6
6/28/2026,104307.6594,99564.95744,108901.1494,102885.2194,105854.6101,53.98517043,53.98517043,53.98517043,-705.2323733,-705.2323733,-705.2323733,759.2175438,759.2175438,759.2175438,0,0,0,104361.6445,2026,6
7/5/2026,104406.4443,99698.00063,109033.4219,102928.614,105998.0349,-170.7200947,-170.7200947,-170.7200947,-589.1881812,-589.1881812,-589.1881812,418.4680865,418.4680865,418.4680865,0,0,0,104235.7242,2026,7
7/12/2026,104505.2292,101041.129,110601.032,102984.4323,106156.7874,1151.002938,1151.002938,1151.002938,175.1982668,175.1982668,175.1982668,975.8046707,975.8046707,975.8046707,0,0,0,105656.2321,2026,7
7/19/2026,104604.0141,103152.2468,112404.4131,103026.6414,106281.6385,3124.689439,3124.689439,3124.689439,1054.089497,1054.089497,1054.089497,2070.599942,2070.599942,2070.599942,0,0,0,107728.7035,2026,7
7/26/2026,104702.799,102905.6428,112721.2458,103070.0685,106468.1145,2973.748825,2973.748825,2973.748825,91.33113646,91.33113646,91.33113646,2882.417689,2882.417689,2882.417689,0,0,0,107676.5478,2026,7
8/2/2026,104801.5839,102946.1064,112317.3637,103111.7603,106613.409,2751.4992,2751.4992,2751.4992,206.2802004,206.2802004,206.2802004,2545.219,2545.219,2545.219,0,0,0,107553.0831,2026,8
8/9/2026,104900.3688,100848.267,110804.0688,103156.8191,106761.1588,884.5344905,884.5344905,884.5344905,27.22605472,27.22605472,27.22605472,857.3084358,857.3084358,857.3084358,0,0,0,105784.9032,2026,8
8/16/2026,104999.1537,99364.73898,108901.373,103203.1734,106897.1852,-902.9972142,-902.9972142,-902.9972142,322.1543885,322.1543885,322.1543885,-1225.151603,-1225.151603,-1225.151603,0,0,0,104096.1564,2026,8
8/23/2026,105097.9386,98334.00379,108200.5381,103254.9003,107040.6934,-1897.692122,-1897.692122,-1897.692122,149.6456796,149.6456796,149.6456796,-2047.337802,-2047.337802,-2047.337802,0,0,0,103200.2464,2026,8
8/30/2026,105196.7235,99181.1626,108656.8874,103316.0464,107189.6557,-1188.230121,-1188.230121,-1188.230121,-539.1873774,-539.1873774,-539.1873774,-649.0427441,-649.0427441,-649.0427441,0,0,0,104008.4933,2026,8
9/6/2026,105295.5083,101618.2501,111281.9008,103372.342,107353.306,1265.392204,1265.392204,1265.392204,-858.0576869,-858.0576869,-858.0576869,2123.449891,2123.449891,2123.449891,0,0,0,106560.9006,2026,9
9/13/2026,105394.2932,104463.7927,114332.6829,103415.2704,107521.3182,3980.422639,3980.422639,3980.422639,-158.9848232,-158.9848232,-158.9848232,4139.407463,4139.407463,4139.407463,0,0,0,109374.7159,2026,9
9/20/2026,105493.0781,105196.6397,115453.5981,103467.8218,107674.1875,4614.689744,4614.689744,4614.689744,651.1129148,651.1129148,651.1129148,3963.576829,3963.576829,3963.576829,0,0,0,110107.7679,2026,9
9/27/2026,105591.863,102501.8036,112355.5689,103513.0592,107796.3989,1805.253129,1805.253129,1805.253129,-565.4544696,-565.4544696,-565.4544696,2370.707599,2370.707599,2370.707599,0,0,0,107397.1162,2026,9
10/4/2026,105690.6479,102053.2966,111719.9612,103576.1844,107945.001,1257.861517,1257.861517,1257.861517,-375.9043187,-375.9043187,-375.9043187,1633.765836,1633.765836,1633.765836,0,0,0,106948.5095,2026,10
10/11/2026,105789.4328,104387.2425,114057.7759,103618.0958,108096.355,3342.929076,3342.929076,3342.929076,244.7679522,244.7679522,244.7679522,3098.161124,3098.161124,3098.161124,0,0,0,109132.3619,2026,10
10/18/2026,105888.2177,107809.5064,117839.8383,103665.2864,108249.6987,6579.697107,6579.697107,6579.697107,1003.962362,1003.962362,1003.962362,5575.734745,5575.734745,5575.734745,0,0,0,112467.9148,2026,10
10/25/2026,105987.0026,107458.4138,117325.702,103719.3999,108389.2477,6602.86916,6602.86916,6602.86916,166.1028599,166.1028599,166.1028599,6436.7663,6436.7663,6436.7663,0,0,0,112589.8718,2026,10
11/1/2026,106085.7875,105714.9565,115982.5774,103775.0498,108530.8514,4565.523696,4565.523696,4565.523696,165.2364307,165.2364307,165.2364307,4400.287265,4400.287265,4400.287265,0,0,0,110651.3112,2026,11
11/8/2026,106184.5724,101872.4118,112222.9098,103826.9941,108704.1288,886.236606,886.236606,886.236606,-153.3103504,-153.3103504,-153.3103504,1039.546956,1039.546956,1039.546956,0,0,0,107070.809,2026,11
11/15/2026,106283.3573,100603.1423,110726.3037,103877.2264,108857.7353,-597.4228152,-597.4228152,-597.4228152,134.595888,134.595888,134.595888,-732.0187031,-732.0187031,-732.0187031,0,0,0,105685.9345,2026,11
11/22/2026,106382.1422,101796.4926,111754.1528,103935.9382,109010.6623,487.9391863,487.9391863,487.9391863,167.902538,167.902538,167.902538,320.0366483,320.0366483,320.0366483,0,0,0,106870.0814,2026,11
11/29/2026,106480.9271,102987.9921,113537.4765,103981.4214,109174.9535,1731.063855,1731.063855,1731.063855,-692.7974661,-692.7974661,-692.7974661,2423.861321,2423.861321,2423.861321,0,0,0,108211.991,2026,11
12/6/2026,106579.712,103060.3257,113671.7044,104025.1091,109350.0991,1671.104467,1671.104467,1671.104467,-907.7838582,-907.7838582,-907.7838582,2578.888325,2578.888325,2578.888325,0,0,0,108250.8165,2026,12
12/13/2026,106678.4969,100827.9562,111246.6171,104074.6714,109507.8195,-552.5381753,-552.5381753,-552.5381753,-105.2540137,-105.2540137,-105.2540137,-447.2841616,-447.2841616,-447.2841616,0,0,0,106125.9587,2026,12
12/20/2026,106777.2818,97512.02301,108311.69,104123.9586,109668.8235,-4176.864318,-4176.864318,-4176.864318,814.4607733,814.4607733,814.4607733,-4991.325091,-4991.325091,-4991.325091,0,0,0,102600.4175,2026,12
12/27/2026,106876.0667,92900.02348,103784.0367,104171.6295,109826.2133,-8607.09886,-8607.09886,-8607.09886,-387.3447635,-387.3447635,-387.3447635,-8219.754097,-8219.754097,-8219.754097,0,0,0,98268.96785,2026,12
1/3/2027,106974.8516,92622.43715,103480.0132,104225.7282,110005.1076,-8879.647552,-8879.647552,-8879.647552,-157.6423965,-157.6423965,-157.6423965,-8722.005155,-8722.005155,-8722.005155,0,0,0,98095.20406,2027,1
1/10/2027,107073.6365,94903.4601,105707.3923,104268.0451,110157.7505,-7089.731596,-7089.731596,-7089.731596,272.8311698,272.8311698,272.8311698,-7362.562765,-7362.562765,-7362.562765,0,0,0,99983.90491,2027,1
1/17/2027,107172.4214,96655.90306,107460.3274,104298.0636,110297.6117,-5022.385317,-5022.385317,-5022.385317,888.8061207,888.8061207,888.8061207,-5911.191438,-5911.191438,-5911.191438,0,0,0,102150.0361,2027,1
1/24/2027,107271.2063,96799.34531,108037.3884,104329.091,110426.0788,-5063.050852,-5063.050852,-5063.050852,192.4785649,192.4785649,192.4785649,-5255.529417,-5255.529417,-5255.529417,0,0,0,102208.1555,2027,1
1/31/2027,107369.9912,97396.87129,107873.676,104376.6992,110600.0519,-4972.050594,-4972.050594,-4972.050594,43.91025072,43.91025072,43.91025072,-5015.960845,-5015.960845,-5015.960845,0,0,0,102397.9406,2027,1
2/7/2027,107468.7761,97123.52141,108177.5678,104424.3653,110774.7868,-4868.667234,-4868.667234,-4868.667234,-357.5511624,-357.5511624,-357.5511624,-4511.116071,-4511.116071,-4511.116071,0,0,0,102600.1089,2027,2
2/14/2027,107567.561,98484.06497,109795.3244,104462.2384,110944.7275,-3657.044042,-3657.044042,-3657.044042,-17.24221451,-17.24221451,-17.24221451,-3639.801828,-3639.801828,-3639.801828,0,0,0,103910.517,2027,2
2/21/2027,107666.3459,99356.70667,110602.1537,104505.1425,111106.864,-2531.331237,-2531.331237,-2531.331237,229.8097702,229.8097702,229.8097702,-2761.141008,-2761.141008,-2761.141008,0,0,0,105135.0147,2027,2
2/28/2027,107765.1308,99568.84951,110629.2327,104504.3695,111304.6009,-2847.223103,-2847.223103,-2847.223103,-777.6752169,-777.6752169,-777.6752169,-2069.547886,-2069.547886,-2069.547886,0,0,0,104917.9077,2027,2
3/7/2027,107863.9157,100035.0151,111384.3769,104534.4803,111447.7587,-2302.286103,-2302.286103,-2302.286103,-875.712855,-875.712855,-875.712855,-1426.573248,-1426.573248,-1426.573248,0,0,0,105561.6296,2027,3
3/14/2027,107962.7006,101046.3542,112701.6787,104584.3233,111628.4501,-782.3625318,-782.3625318,-782.3625318,-19.37735922,-19.37735922,-19.37735922,-762.9851726,-762.9851726,-762.9851726,0,0,0,107180.3381,2027,3
3/21/2027,108061.4855,102713.8693,114722.4946,104621.9999,111810.5166,620.7302265,620.7302265,620.7302265,949.4220764,949.4220764,949.4220764,-328.6918498,-328.6918498,-328.6918498,0,0,0,108682.2157,2027,3
3/28/2027,108160.2704,101927.6739,113230.6046,104643.9989,112004.3831,-558.8135647,-558.8135647,-558.8135647,-200.8740803,-200.8740803,-200.8740803,-357.9394844,-357.9394844,-357.9394844,0,0,0,107601.4568,2027,3
4/4/2027,108259.0553,101912.3252,113440.6186,104665.9979,112158.7663,-593.5156691,-593.5156691,-593.5156691,30.85637091,30.85637091,30.85637091,-624.37204,-624.37204,-624.37204,0,0,0,107665.5396,2027,4
4/11/2027,108357.8402,102466.0181,113715.3075,104701.9417,112304.9533,-329.4851181,-329.4851181,-329.4851181,247.7751345,247.7751345,247.7751345,-577.2602526,-577.2602526,-577.2602526,0,0,0,108028.3551,2027,4
4/18/2027,108456.6251,103354.5971,115755.841,104747.6252,112483.2459,752.1795536,752.1795536,752.1795536,722.6212487,722.6212487,722.6212487,29.5583049,29.5583049,29.5583049,0,0,0,109208.8046,2027,4
4/25/2027,108555.41,103528.635,115736.0643,104768.3545,112684.7162,997.2917431,997.2917431,997.2917431,184.0458974,184.0458974,184.0458974,813.2458456,813.2458456,813.2458456,0,0,0,109552.7017,2027,4
5/2/2027,108654.1949,104159.717,115640.1164,104791.5276,112807.3481,1065.216523,1065.216523,1065.216523,-135.8755565,-135.8755565,-135.8755565,1201.09208,1201.09208,1201.09208,0,0,0,109719.4114,2027,5
5/9/2027,108752.9798,103244.8183,115519.8519,104844.3258,112975.241,563.9189442,563.9189442,563.9189442,-560.7701061,-560.7701061,-560.7701061,1124.68905,1124.68905,1124.68905,0,0,0,109316.8987,2027,5
5/16/2027,108851.7647,103876.3954,116175.9516,104897.124,113179.0997,994.5557381,994.5557381,994.5557381,-119.7435984,-119.7435984,-119.7435984,1114.299337,1114.299337,1114.299337,0,0,0,109846.3204,2027,5
5/23/2027,108950.5496,104686.3245,117153.2949,104949.9221,113356.8448,2000.378837,2000.378837,2000.378837,338.0936832,338.0936832,338.0936832,1662.285154,1662.285154,1662.285154,0,0,0,110950.9284,2027,5
5/30/2027,109049.3345,104478.6223,117275.512,105002.3216,113518.0905,1824.517778,1824.517778,1824.517778,-781.1630912,-781.1630912,-781.1630912,2605.68087,2605.68087,2605.68087,0,0,0,110873.8522,2027,5
6/6/2027,109148.1194,105445.1912,118136.7484,105037.9347,113687.4972,2473.38797,2473.38797,2473.38797,-764.4582857,-764.4582857,-764.4582857,3237.846256,3237.846256,3237.846256,0,0,0,111621.5073,2027,6
6/13/2027,109246.9043,106001.9871,118980.7987,105079.366,113910.824,3081.334066,3081.334066,3081.334066,80.70170177,80.70170177,80.70170177,3000.632365,3000.632365,3000.632365,0,0,0,112328.2383,2027,6
6/20/2027,109345.6892,106449.559,118694.0039,105115.5775,114102.8399,3037.406542,3037.406542,3037.406542,1034.192389,1034.192389,1034.192389,2003.214152,2003.214152,2003.214152,0,0,0,112383.0957,2027,6
6/27/2027,109444.4741,103678.506,116713.7812,105137.7919,114252.2963,872.9573766,872.9573766,872.9573766,-34.31021392,-34.31021392,-34.31021392,907.2675905,907.2675905,907.2675905,0,0,0,110317.4314,2027,6
7/4/2027,109543.259,103973.8923,116652.3966,105182.3694,114405.4218,571.1102586,571.1102586,571.1102586,159.0938565,159.0938565,159.0938565,412.0164021,412.0164021,412.0164021,0,0,0,110114.3692,2027,7
7/11/2027,109642.0439,104600.5499,117579.8698,105210.9999,114573.3234,983.9966356,983.9966356,983.9966356,164.813246,164.813246,164.813246,819.1833895,819.1833895,819.1833895,0,0,0,110626.0405,2027,7
7/18/2027,109740.8287,105740.6263,119046.7874,105228.6472,114764.9317,2394.096628,2394.096628,2394.096628,525.8776075,525.8776075,525.8776075,1868.21902,1868.21902,1868.21902,0,0,0,112134.9254,2027,7
7/25/2027,109839.6136,106307.9795,119314.3374,105287.0721,114909.8236,2962.949615,2962.949615,2962.949615,161.9102718,161.9102718,161.9102718,2801.039344,2801.039344,2801.039344,0,0,0,112802.5633,2027,7
8/1/2027,109938.3985,105717.7208,119067.1759,105348.4379,115092.7675,2370.585753,2370.585753,2370.585753,-342.2770562,-342.2770562,-342.2770562,2712.862809,2712.862809,2712.862809,0,0,0,112308.9843,2027,8
8/8/2027,110037.1834,104332.2284,117332.5314,105385.1906,115289.8228,494.2929347,494.2929347,494.2929347,-735.9988246,-735.9988246,-735.9988246,1230.291759,1230.291759,1230.291759,0,0,0,110531.4764,2027,8
8/15/2027,110135.9683,102700.0623,115922.8171,105427.0312,115438.0708,-1064.461452,-1064.461452,-1064.461452,-166.5716125,-166.5716125,-166.5716125,-897.8898395,-897.8898395,-897.8898395,0,0,0,109071.5069,2027,8
8/22/2027,110234.7532,102045.9096,115713.03,105448.948,115586.3188,-1571.861202,-1571.861202,-1571.861202,484.4370094,484.4370094,484.4370094,-2056.298211,-2056.298211,-2056.298211,0,0,0,108662.892,2027,8
8/29/2027,110333.5381,101891.1776,115632.2535,105495.5322,115737.6511,-1754.388526,-1754.388526,-1754.388526,-705.2323733,-705.2323733,-705.2323733,-1049.156152,-1049.156152,-1049.156152,0,0,0,108579.1496,2027,8
9/5/2027,110432.323,104657.2729,118359.3403,105533.5102,115910.3853,1029.341241,1029.341241,1029.341241,-589.1881812,-589.1881812,-589.1881812,1618.529422,1618.529422,1618.529422,0,0,0,111461.6643,2027,9
9/12/2027,110531.1079,107752.0478,121666.9539,105567.5018,116071.8667,4099.124242,4099.124242,4099.124242,175.1982668,175.1982668,175.1982668,3923.925975,3923.925975,3923.925975,0,0,0,114630.2322,2027,9
9/19/2027,110629.8928,108719.0077,122651.5634,105582.9458,116238.3911,5205.945561,5205.945561,5205.945561,1054.089497,1054.089497,1054.089497,4151.856064,4151.856064,4151.856064,0,0,0,115835.8384,2027,9
9/26/2027,110728.6777,106721.9259,120806.0468,105601.9259,116448.5416,2752.297802,2752.297802,2752.297802,91.33113646,91.33113646,91.33113646,2660.966666,2660.966666,2660.966666,0,0,0,113480.9755,2027,9
10/3/2027,110827.4626,105741.9718,119713.6371,105644.3219,116645.2201,1818.54302,1818.54302,1818.54302,206.2802004,206.2802004,206.2802004,1612.262819,1612.262819,1612.262819,0,0,0,112646.0056,2027,10
10/10/2027,110926.2475,106899.313,121148.1838,105675.1176,116839.3904,2722.524993,2722.524993,2722.524993,27.22605472,27.22605472,27.22605472,2695.298939,2695.298939,2695.298939,0,0,0,113648.7725,2027,10
10/17/2027,111025.0324,109567.8859,124086.8607,105664.2,117036.6416,5499.577327,5499.577327,5499.577327,322.1543885,322.1543885,322.1543885,5177.422939,5177.422939,5177.422939,0,0,0,116524.6097,2027,10
10/24/2027,111123.8173,110676.2603,125214.0667,105701.0852,117219.879,6644.881021,6644.881021,6644.881021,149.6456796,149.6456796,149.6456796,6495.235341,6495.235341,6495.235341,0,0,0,117768.6983,2027,10
10/31/2027,111222.6022,108463.7254,123317.2669,105707.4448,117374.6625,4401.223884,4401.223884,4401.223884,-539.1873774,-539.1873774,-539.1873774,4940.411262,4940.411262,4940.411262,0,0,0,115623.8261,2027,10
11/7/2027,111321.3871,104834.9615,120101.6678,105712.1995,117576.0268,743.4744333,743.4744333,743.4744333,-858.0576869,-858.0576869,-858.0576869,1601.53212,1601.53212,1601.53212,0,0,0,112064.8615,2027,11
11/14/2027,111420.172,103556.5071,118446.3938,105742.9313,117780.4653,-786.6629764,-786.6629764,-786.6629764,-158.9848232,-158.9848232,-158.9848232,-627.6781531,-627.6781531,-627.6781531,0,0,0,110633.509,2027,11
11/21/2027,111518.9569,104661.9618,119638.8619,105758.1283,117976.7551,621.5503281,621.5503281,621.5503281,651.1129148,651.1129148,651.1129148,-29.56258676,-29.56258676,-29.56258676,0,0,0,112140.5072,2027,11
11/28/2027,111617.7418,105630.6664,120966.9532,105760.6507,118157.7398,1546.983497,1546.983497,1546.983497,-565.4544696,-565.4544696,-565.4544696,2112.437966,2112.437966,2112.437966,0,0,0,113164.7253,2027,11
12/5/2027,111716.5267,106689.6117,122666.8888,105780.0245,118326.1019,2413.124341,2413.124341,2413.124341,-375.9043187,-375.9043187,-375.9043187,2789.028659,2789.028659,2789.028659,0,0,0,114129.651,2027,12
12/12/2027,111815.3116,105159.1675,120210.2072,105823.94,118530.1207,528.3883931,528.3883931,528.3883931,244.7679522,244.7679522,244.7679522,283.6204409,283.6204409,283.6204409,0,0,0,112343.7,2027,12
12/19/2027,111914.0965,101137.7043,117235.4364,105820.9456,118698.1532,-3196.833825,-3196.833825,-3196.833825,1003.962362,1003.962362,1003.962362,-4200.796188,-4200.796188,-4200.796188,0,0,0,108717.2627,2027,12
12/26/2027,112012.8814,96513.68998,112422.3284,105840.3753,118859.7198,-7668.545232,-7668.545232,-7668.545232,166.1028599,166.1028599,166.1028599,-7834.648092,-7834.648092,-7834.648092,0,0,0,104344.3362,2027,12
1/2/2028,112111.6663,96053.6805,111622.2145,105830.7159,119020.5226,-8652.339476,-8652.339476,-8652.339476,165.2364307,165.2364307,165.2364307,-8817.575907,-8817.575907,-8817.575907,0,0,0,103459.3268,2028,1
1/9/2028,112210.4512,96647.78723,112980.1029,105843.5685,119204.0848,-7812.610172,-7812.610172,-7812.610172,-153.3103504,-153.3103504,-153.3103504,-7659.299821,-7659.299821,-7659.299821,0,0,0,104397.841,2028,1
1/16/2028,112309.2361,98258.82379,114988.5513,105855.1734,119394.1169,-5983.596387,-5983.596387,-5983.596387,134.595888,134.595888,134.595888,-6118.192275,-6118.192275,-6118.192275,0,0,0,106325.6397,2028,1
1/23/2028,112408.021,99638.52577,116032.3175,105872.7213,119571.1805,-5152.028598,-5152.028598,-5152.028598,167.902538,167.902538,167.902538,-5319.931136,-5319.931136,-5319.931136,0,0,0,107255.9924,2028,1
1/30/2028,112506.8059,98482.9887,115631.6616,105894.8641,119780.4392,-5756.359326,-5756.359326,-5756.359326,-692.7974661,-692.7974661,-692.7974661,-5063.56186,-5063.56186,-5063.56186,0,0,0,106750.4466,2028,1
2/6/2028,112605.5908,98978.93411,115914.3034,105931.8858,119989.6978,-5542.417878,-5542.417878,-5542.417878,-907.7838582,-907.7838582,-907.7838582,-4634.63402,-4634.63402,-4634.63402,0,0,0,107063.1729,2028,2
2/13/2028,112704.3757,100269.6906,117471.1828,105971.9135,120196.1746,-3912.642708,-3912.642708,-3912.642708,-105.2540137,-105.2540137,-105.2540137,-3807.388694,-3807.388694,-3807.388694,0,0,0,108791.733,2028,2
2/20/2028,112803.1606,102711.2695,119508.4823,105996.9584,120350.4441,-2089.945801,-2089.945801,-2089.945801,814.4607733,814.4607733,814.4607733,-2904.406575,-2904.406575,-2904.406575,0,0,0,110713.2148,2028,2
2/27/2028,112901.9455,102122.6318,119563.9635,106024.3307,120489.7476,-2570.796075,-2570.796075,-2570.796075,-387.3447635,-387.3447635,-387.3447635,-2183.451311,-2183.451311,-2183.451311,0,0,0,110331.1494,2028,2
3/5/2028,113000.7304,102631.2019,119902.036,106051.703,120657.1044,-1702.893799,-1702.893799,-1702.893799,-157.6423965,-157.6423965,-157.6423965,-1545.251402,-1545.251402,-1545.251402,0,0,0,111297.8366,2028,3
3/12/2028,113099.5153,103746.4575,121832.4277,106012.2462,120852.9065,-602.0788818,-602.0788818,-602.0788818,272.8311698,272.8311698,272.8311698,-874.9100516,-874.9100516,-874.9100516,0,0,0,112497.4364,2028,3
3/19/2028,113198.3002,105426.4985,122778.7384,106046.8342,121021.1806,514.2938392,514.2938392,514.2938392,888.8061207,888.8061207,888.8061207,-374.5122815,-374.5122815,-374.5122815,0,0,0,113712.594,2028,3
3/26/2028,113297.0851,104399.3326,122687.0203,106050.5026,121219.5361,-129.2284802,-129.2284802,-129.2284802,192.4785649,192.4785649,192.4785649,-321.7070451,-321.7070451,-321.7070451,0,0,0,113167.8566,2028,3
4/2/2028,113395.87,104331.0037,121850.0803,106050.2017,121385.5282,-540.1275151,-540.1275151,-540.1275151,43.91025072,43.91025072,43.91025072,-584.0377658,-584.0377658,-584.0377658,0,0,0,112855.7425,2028,4
4/9/2028,113494.6549,103875.2939,121961.4547,106063.794,121591.0666,-985.6260927,-985.6260927,-985.6260927,-357.5511624,-357.5511624,-357.5511624,-628.0749303,-628.0749303,-628.0749303,0,0,0,112509.0288,2028,4
4/16/2028,113593.4398,104255.2854,123432.2156,106101.8392,121793.5389,-126.8783102,-126.8783102,-126.8783102,-17.24221451,-17.24221451,-17.24221451,-109.6360957,-109.6360957,-109.6360957,0,0,0,113466.5615,2028,4
4/23/2028,113692.2247,105841.2027,123777.993,106115.0204,121982.3521,919.0426417,919.0426417,919.0426417,229.8097702,229.8097702,229.8097702,689.2328714,689.2328714,689.2328714,0,0,0,114611.2673,2028,4
4/30/2028,113791.0096,105527.7534,123215.7194,106146.0084,122146.2009,396.0128828,396.0128828,396.0128828,-777.6752169,-777.6752169,-777.6752169,1173.6881,1173.6881,1173.6881,0,0,0,114187.0224,2028,4
5/7/2028,113889.7945,105176.9188,123539.5518,106196.2169,122310.4985,277.3692906,277.3692906,277.3692906,-875.712855,-875.712855,-875.712855,1153.082146,1153.082146,1153.082146,0,0,0,114167.1637,2028,5
5/14/2028,113988.5794,105841.3178,124574.2907,106219.9036,122473.896,1063.453689,1063.453689,1063.453689,-19.37735922,-19.37735922,-19.37735922,1082.831048,1082.831048,1082.831048,0,0,0,115052.033,2028,5
5/21/2028,114087.3643,107472.8939,126185.8472,106229.0541,122644.1977,2470.067666,2470.067666,2470.067666,949.4220764,949.4220764,949.4220764,1520.64559,1520.64559,1520.64559,0,0,0,116557.4319,2028,5
5/28/2028,114186.1492,107270.1123,126291.623,106223.656,122812.8248,2236.273733,2236.273733,2236.273733,-200.8740803,-200.8740803,-200.8740803,2437.147813,2437.147813,2437.147813,0,0,0,116422.4229,2028,5
6/4/2028,114284.934,108625.4677,127547.6334,106237.0787,123019.0714,3210.854711,3210.854711,3210.854711,30.85637091,30.85637091,30.85637091,3179.99834,3179.99834,3179.99834,0,0,0,117495.7888,2028,6
6/11/2028,114383.7189,108566.6512,127857.3493,106255.1851,123163.3451,3359.276921,3359.276921,3359.276921,247.7751345,247.7751345,247.7751345,3111.501786,3111.501786,3111.501786,0,0,0,117742.9959,2028,6
6/18/2028,114482.5038,107900.0822,127744.7888,106269.9735,123350.1175,2933.958433,2933.958433,2933.958433,722.6212487,722.6212487,722.6212487,2211.337184,2211.337184,2211.337184,0,0,0,117416.4623,2028,6
6/25/2028,114581.2887,106428.4714,126425.1645,106285.8483,123527.6775,1259.649154,1259.649154,1259.649154,184.0458974,184.0458974,184.0458974,1075.603257,1075.603257,1075.603257,0,0,0,115840.9379,2028,6
7/2/2028,114680.0736,105509.8772,125074.6065,106265.491,123702.3462,299.9781094,299.9781094,299.9781094,-135.8755565,-135.8755565,-135.8755565,435.8536659,435.8536659,435.8536659,0,0,0,114980.0517,2028,7
7/9/2028,114778.8585,105286.3308,125095.4286,106278.7138,123881.3073,123.6326315,123.6326315,123.6326315,-560.7701061,-560.7701061,-560.7701061,684.4027376,684.4027376,684.4027376,0,0,0,114902.4912,2028,7
7/16/2028,114877.6434,106753.0199,127044.387,106237.2075,124059.0757,1542.909004,1542.909004,1542.909004,-119.7435984,-119.7435984,-119.7435984,1662.652603,1662.652603,1662.652603,0,0,0,116420.5524,2028,7
7/23/2028,114976.4283,108054.1688,128761.1283,106225.7768,124242.3688,3023.830695,3023.830695,3023.830695,338.0936832,338.0936832,338.0936832,2685.737011,2685.737011,2685.737011,0,0,0,118000.259,2028,7
7/30/2028,115075.2132,106715.1108,127590.523,106156.692,124522.9506,2051.671005,2051.671005,2051.671005,-781.1630912,-781.1630912,-781.1630912,2832.834096,2832.834096,2832.834096,0,0,0,117126.8842,2028,7
8/6/2028,115173.9981,105997.5416,126471.2882,106194.1603,124771.2756,815.5651513,815.5651513,815.5651513,-764.4582857,-764.4582857,-764.4582857,1580.023437,1580.023437,1580.023437,0,0,0,115989.5633,2028,8
8/13/2028,115272.783,104637.6912,125586.39,106172.8127,125011.1563,-457.9569532,-457.9569532,-457.9569532,80.70170177,80.70170177,80.70170177,-538.658655,-538.658655,-538.658655,0,0,0,114814.8261,2028,8
8/20/2028,115371.5679,104429.7064,125304.0835,106207.6133,125174.9712,-957.0556585,-957.0556585,-957.0556585,1034.192389,1034.192389,1034.192389,-1991.248048,-1991.248048,-1991.248048,0,0,0,114414.5123,2028,8
8/27/2028,115470.3528,103883.0175,125208.5322,106257.1296,125433.1324,-1426.035083,-1426.035083,-1426.035083,-34.31021392,-34.31021392,-34.31021392,-1391.724869,-1391.724869,-1391.724869,0,0,0,114044.3177,2028,8
9/3/2028,115569.1377,106429.4235,128063.3879,106325.5097,125622.3847,1260.363355,1260.363355,1260.363355,159.0938565,159.0938565,159.0938565,1101.269498,1101.269498,1101.269498,0,0,0,116829.5011,2028,9
9/10/2028,115667.9226,108866.6476,130512.0758,106358.0958,125757.0905,3800.849666,3800.849666,3800.849666,164.813246,164.813246,164.813246,3636.036419,3636.036419,3636.036419,0,0,0,119468.7723,2028,9
9/17/2028,115766.7075,109941.845,131964.7297,106320.9242,125884.3138,4805.727295,4805.727295,4805.727295,525.8776075,525.8776075,525.8776075,4279.849687,4279.849687,4279.849687,0,0,0,120572.4348,2028,9
9/24/2028,115865.4924,108194.9879,130033.1731,106295.5226,126096.9432,3128.561905,3128.561905,3128.561905,161.9102718,161.9102718,161.9102718,2966.651633,2966.651633,2966.651633,0,0,0,118994.0543,2028,9
10/1/2028,115964.2773,106073.1751,128385.7942,106319.4167,126279.1083,1323.735513,1323.735513,1323.735513,-342.2770562,-342.2770562,-342.2770562,1666.01257,1666.01257,1666.01257,0,0,0,117288.0128,2028,10
10/8/2028,116063.0622,107359.5838,129468.8279,106355.254,126474.2495,1606.638867,1606.638867,1606.638867,-735.9988246,-735.9988246,-735.9988246,2342.637691,2342.637691,2342.637691,0,0,0,117669.7011,2028,10
10/15/2028,116161.8471,109519.1385,132072.349,106337.4295,126628.102,4572.917651,4572.917651,4572.917651,-166.5716125,-166.5716125,-166.5716125,4739.489263,4739.489263,4739.489263,0,0,0,120734.7648,2028,10
10/22/2028,116260.632,112149.096,134985.3279,106358.0384,126826.0514,6938.133136,6938.133136,6938.133136,484.4370094,484.4370094,484.4370094,6453.696126,6453.696126,6453.696126,0,0,0,123198.7651,2028,10
10/29/2028,116359.4169,110039.6456,132795.9662,106351.1693,127069.4936,4712.941939,4712.941939,4712.941939,-705.2323733,-705.2323733,-705.2323733,5418.174313,5418.174313,5418.174313,0,0,0,121072.3588,2028,10
11/5/2028,116458.2018,106570.8435,129773.3703,106328.7614,127312.9357,1613.214421,1613.214421,1613.214421,-589.1881812,-589.1881812,-589.1881812,2202.402602,2202.402602,2202.402602,0,0,0,118071.4162,2028,11
11/12/2028,116556.9867,104906.9822,127941.5082,106306.3534,127559.1523,-248.9821467,-248.9821467,-248.9821467,175.1982668,175.1982668,175.1982668,-424.1804135,-424.1804135,-424.1804135,0,0,0,116308.0046,2028,11
11/19/2028,116655.7716,105474.8264,129232.2891,106312.8386,127776.1801,729.3114199,729.3114199,729.3114199,1054.089497,1054.089497,1054.089497,-324.7780773,-324.7780773,-324.7780773,0,0,0,117385.083,2028,11
11/26/2028,116754.5565,107591.2754,130349.5752,106322.6183,127989.3502,1841.70645,1841.70645,1841.70645,91.33113646,91.33113646,91.33113646,1750.375313,1750.375313,1750.375313,0,0,0,118596.2629,2028,11
12/3/2028,116853.3414,108710.4002,131659.0319,106332.3934,128200.3919,3095.268083,3095.268083,3095.268083,206.2802004,206.2802004,206.2802004,2888.987882,2888.987882,2888.987882,0,0,0,119948.6095,2028,12
12/10/2028,116952.1263,106399.5502,129992.2702,106368.8307,128350.5915,973.9201679,973.9201679,973.9201679,27.22605472,27.22605472,27.22605472,946.6941132,946.6941132,946.6941132,0,0,0,117926.0465,2028,12
12/17/2028,117050.9112,102200.9195,126004.6915,106439.8586,128536.5372,-3057.749882,-3057.749882,-3057.749882,322.1543885,322.1543885,322.1543885,-3379.90427,-3379.90427,-3379.90427,0,0,0,113993.1613,2028,12
12/24/2028,117149.6961,98436.88847,122532.0238,106443.4288,128708.1001,-7208.455265,-7208.455265,-7208.455265,149.6456796,149.6456796,149.6456796,-7358.100944,-7358.100944,-7358.100944,0,0,0,109941.2408,2028,12
12/31/2028,117248.481,95656.76413,120289.2329,106470.4884,128879.7638,-9380.537153,-9380.537153,-9380.537153,-539.1873774,-539.1873774,-539.1873774,-8841.349776,-8841.349776,-8841.349776,0,0,0,107867.9438,2028,12
1/7/2029,117347.2659,96610.36457,120679.5552,106440.6174,129116.4373,-8804.039019,-8804.039019,-8804.039019,-858.0576869,-858.0576869,-858.0576869,-7945.981332,-7945.981332,-7945.981332,0,0,0,108543.2269,2029,1
1/14/2029,117446.0508,98840.90436,123356.0406,106401.6416,129258.3811,-6511.90226,-6511.90226,-6511.90226,-158.9848232,-158.9848232,-158.9848232,-6352.917437,-6352.917437,-6352.917437,0,0,0,110934.1485,2029,1
1/21/2029,117544.8357,100682.0368,125378.4417,106362.6658,129382.543,-4751.866071,-4751.866071,-4751.866071,651.1129148,651.1129148,651.1129148,-5402.978986,-5402.978986,-5402.978986,0,0,0,112792.9696,2029,1
1/28/2029,117643.6206,99791.29849,125599.3446,106330.9073,129528.1537,-5669.436276,-5669.436276,-5669.436276,-565.4544696,-565.4544696,-565.4544696,-5103.981807,-5103.981807,-5103.981807,0,0,0,111974.1843,2029,1
2/4/2029,117742.4055,99670.3546,125798.3226,106325.6548,129669.6999,-5119.667223,-5119.667223,-5119.667223,-375.9043187,-375.9043187,-375.9043187,-4743.762904,-4743.762904,-4743.762904,0,0,0,112622.7382,2029,2
2/11/2029,117841.1904,101575.2965,125868.2725,106324.2915,129883.862,-3728.120797,-3728.120797,-3728.120797,244.7679522,244.7679522,244.7679522,-3972.888749,-3972.888749,-3972.888749,0,0,0,114113.0696,2029,2
2/18/2029,117939.9753,103163.6239,129590.4869,106325.8904,130094.9131,-2050.717136,-2050.717136,-2050.717136,1003.962362,1003.962362,1003.962362,-3054.679498,-3054.679498,-3054.679498,0,0,0,115889.2581,2029,2
2/25/2029,118038.7602,103397.3334,128906.7053,106303.0495,130288.18,-2133.920496,-2133.920496,-2133.920496,166.1028599,166.1028599,166.1028599,-2300.023356,-2300.023356,-2300.023356,0,0,0,115904.8397,2029,2
3/4/2029,118137.5451,104099.8893,129666.2072,106266.087,130489.3864,-1496.591505,-1496.591505,-1496.591505,165.2364307,165.2364307,165.2364307,-1661.827936,-1661.827936,-1661.827936,0,0,0,116640.9536,2029,3
3/11/2029,118236.33,104219.173,130393.1946,106260.2261,130734.2889,-1145.257225,-1145.257225,-1145.257225,-153.3103504,-153.3103504,-153.3103504,-991.9468746,-991.9468746,-991.9468746,0,0,0,117091.0727,2029,3
3/18/2029,118335.1149,105298.1584,131762.5946,106279.4886,130923.9863,-301.280289,-301.280289,-301.280289,134.595888,134.595888,134.595888,-435.8761769,-435.8761769,-435.8761769,0,0,0,118033.8346,2029,3
3/25/2029,118433.8998,105102.7643,132291.7465,106302.4807,131081.9481,-128.9096469,-128.9096469,-128.9096469,167.902538,167.902538,167.902538,-296.8121849,-296.8121849,-296.8121849,0,0,0,118304.9901,2029,3
4/1/2029,118532.6847,104512.1318,131116.3684,106316.6018,131283.1572,-1228.991582,-1228.991582,-1228.991582,-692.7974661,-692.7974661,-692.7974661,-536.1941156,-536.1941156,-536.1941156,0,0,0,117303.6931,2029,4
4/8/2029,118631.4696,104086.1191,131283.1391,106289.6376,131484.8682,-1566.803796,-1566.803796,-1566.803796,-907.7838582,-907.7838582,-907.7838582,-659.0199376,-659.0199376,-659.0199376,0,0,0,117064.6658,2029,4
4/15/2029,118730.2544,105286.1901,132151.9709,106243.5594,131656.7183,-344.1624368,-344.1624368,-344.1624368,-105.2540137,-105.2540137,-105.2540137,-238.9084231,-238.9084231,-238.9084231,0,0,0,118386.092,2029,4
4/22/2029,118829.0393,106389.7724,134351.2379,106200.5446,131815.1564,1368.412934,1368.412934,1368.412934,814.4607733,814.4607733,814.4607733,553.9521608,553.9521608,553.9521608,0,0,0,120197.4523,2029,4
4/29/2029,118927.8242,106272.559,133589.9914,106157.4642,132005.9624,740.8379076,740.8379076,740.8379076,-387.3447635,-387.3447635,-387.3447635,1128.182671,1128.182671,1128.182671,0,0,0,119668.6622,2029,4
5/6/2029,119026.6091,106061.4369,134197.2704,106153.9387,132202.8123,1021.926766,1021.926766,1021.926766,-157.6423965,-157.6423965,-157.6423965,1179.569163,1179.569163,1179.569163,0,0,0,120048.5359,2029,5
5/13/2029,119125.394,106431.0418,134782.1285,106149.4916,132320.8092,1342.183006,1342.183006,1342.183006,272.8311698,272.8311698,272.8311698,1069.351837,1069.351837,1069.351837,0,0,0,120467.577,2029,5
5/20/2029,119224.1789,107873.8502,135476.6113,106090.5947,132502.686,2284.958126,2284.958126,2284.958126,888.8061207,888.8061207,888.8061207,1396.152005,1396.152005,1396.152005,0,0,0,121509.1371,2029,5
5/27/2029,119322.9638,107690.152,135827.6517,106153.6083,132684.5628,2455.494273,2455.494273,2455.494273,192.4785649,192.4785649,192.4785649,2263.015708,2263.015708,2263.015708,0,0,0,121778.4581,2029,5
6/3/2029,119421.7487,108277.1448,137190.8375,106146.7695,132864.9119,3138.345708,3138.345708,3138.345708,43.91025072,43.91025072,43.91025072,3094.435457,3094.435457,3094.435457,0,0,0,122560.0944,2029,6
6/10/2029,119520.5336,108359.7833,137380.5931,106139.9306,133044.5141,2836.528222,2836.528222,2836.528222,-357.5511624,-357.5511624,-357.5511624,3194.079384,3194.079384,3194.079384,0,0,0,122357.0619,2029,6
6/17/2029,119619.3185,108046.9713,136286.7051,106133.0918,133248.0496,2394.380088,2394.380088,2394.380088,-17.24221451,-17.24221451,-17.24221451,2411.622302,2411.622302,2411.622302,0,0,0,122013.6986,2029,6
6/24/2029,119718.1034,106624.9543,135856.2171,106141.0576,133458.8857,1490.547552,1490.547552,1490.547552,229.8097702,229.8097702,229.8097702,1260.737782,1260.737782,1260.737782,0,0,0,121208.651,2029,6
7/1/2029,119816.8883,104782.1019,134936.3898,106151.6954,133671.4549,-288.1688946,-288.1688946,-288.1688946,-777.6752169,-777.6752169,-777.6752169,489.5063224,489.5063224,489.5063224,0,0,0,119528.7194,2029,7
7/8/2029,119915.6732,105338.9781,134610.4924,106164.5044,133845.3769,-301.3871764,-301.3871764,-301.3871764,-875.712855,-875.712855,-875.712855,574.3256786,574.3256786,574.3256786,0,0,0,119614.286,2029,7
7/15/2029,120014.4581,106729.0464,136126.1239,106158.6561,133998.6009,1439.887961,1439.887961,1439.887961,-19.37735922,-19.37735922,-19.37735922,1459.26532,1459.26532,1459.26532,0,0,0,121454.3461,2029,7
7/22/2029,120113.243,108509.2212,138813.6231,106179.951,134192.2835,3490.947522,3490.947522,3490.947522,949.4220764,949.4220764,949.4220764,2541.525446,2541.525446,2541.525446,0,0,0,123604.1905,2029,7
7/29/2029,120212.0279,108370.8414,138155.6596,106183.4492,134418.6376,2704.304425,2704.304425,2704.304425,-200.8740803,-200.8740803,-200.8740803,2905.178505,2905.178505,2905.178505,0,0,0,122916.3323,2029,7
8/5/2029,120310.8128,108026.2851,137890.8137,106182.5353,134652.6951,1929.983566,1929.983566,1929.983566,30.85637091,30.85637091,30.85637091,1899.127195,1899.127195,1899.127195,0,0,0,122240.7964,2029,8
8/12/2029,120409.5977,105672.8999,135189.5387,106180.5576,134865.5681,89.82422932,89.82422932,89.82422932,247.7751345,247.7751345,247.7751345,-157.9509052,-157.9509052,-157.9509052,0,0,0,120499.4219,2029,8
8/19/2029,120508.3826,104968.7792,134736.8026,106156.6375,135053.2727,-1133.67809,-1133.67809,-1133.67809,722.6212487,722.6212487,722.6212487,-1856.299338,-1856.299338,-1856.299338,0,0,0,119374.7045,2029,8
8/26/2029,120607.1675,103840.5286,135518.7374,106108.4618,135221.8804,-1484.782042,-1484.782042,-1484.782042,184.0458974,184.0458974,184.0458974,-1668.82794,-1668.82794,-1668.82794,0,0,0,119122.3855,2029,8
9/2/2029,120705.9524,106306.9573,136477.2656,106085.9092,135404.5307,449.8414139,449.8414139,449.8414139,-135.8755565,-135.8755565,-135.8755565,585.7169704,585.7169704,585.7169704,0,0,0,121155.7938,2029,9
9/9/2029,120804.7373,108018.2571,139289.9589,106061.9957,135579.7483,2721.560536,2721.560536,2721.560536,-560.7701061,-560.7701061,-560.7701061,3282.330643,3282.330643,3282.330643,0,0,0,123526.2978,2029,9
9/16/2029,120903.5222,109326.2101,141489.5208,106002.5978,135820.4178,4219.537177,4219.537177,4219.537177,-119.7435984,-119.7435984,-119.7435984,4339.280775,4339.280775,4339.280775,0,0,0,125123.0594,2029,9
9/23/2029,121002.3071,108778.5045,141174.9072,105938.1567,136052.8734,3610.749118,3610.749118,3610.749118,338.0936832,338.0936832,338.0936832,3272.655435,3272.655435,3272.655435,0,0,0,124613.0562,2029,9
9/30/2029,121101.092,106636.806,138550.5365,105874.7234,136307.3349,1008.303652,1008.303652,1008.303652,-781.1630912,-781.1630912,-781.1630912,1789.466743,1789.466743,1789.466743,0,0,0,122109.3956,2029,9
10/7/2029,121199.8769,107095.2497,139226.0623,105908.2015,136486.8668,1286.896574,1286.896574,1286.896574,-764.4582857,-764.4582857,-764.4582857,2051.35486,2051.35486,2051.35486,0,0,0,122486.7735,2029,10
10/14/2029,121298.6618,109895.7574,141945.4124,105923.8099,136660.5822,4359.564527,4359.564527,4359.564527,80.70170177,80.70170177,80.70170177,4278.862826,4278.862826,4278.862826,0,0,0,125658.2263,2029,10
10/21/2029,121397.4467,111745.2335,145045.246,105943.8131,136832.7916,7350.756004,7350.756004,7350.756004,1034.192389,1034.192389,1034.192389,6316.563615,6316.563615,6316.563615,0,0,0,128748.2027,2029,10
10/28/2029,121496.2316,111318.9503,144019.0661,105957.002,137052.4631,5785.449108,5785.449108,5785.449108,-34.31021392,-34.31021392,-34.31021392,5819.759322,5819.759322,5819.759322,0,0,0,127281.6807,2029,10
11/4/2029,121595.0165,107868.3868,141807.5313,105968.9039,137245.8778,2983.017727,2983.017727,2983.017727,159.0938565,159.0938565,159.0938565,2823.92387,2823.92387,2823.92387,0,0,0,124578.0342,2029,11
11/11/2029,121693.8014,104964.529,138506.1924,105955.9763,137437.0573,39.71319378,39.71319378,39.71319378,164.813246,164.813246,164.813246,-125.1000523,-125.1000523,-125.1000523,0,0,0,121733.5146,2029,11
11/18/2029,121792.5863,105341.3387,139540.6488,105910.5802,137712.944,-24.6467332,-24.6467332,-24.6467332,525.8776075,525.8776075,525.8776075,-550.5243407,-550.5243407,-550.5243407,0,0,0,121767.9395,2029,11
11/25/2029,121891.3712,106917.8667,140304.6221,105892.0166,137988.6096,1518.018537,1518.018537,1518.018537,161.9102718,161.9102718,161.9102718,1356.108266,1356.108266,1356.108266,0,0,0,123409.3897,2029,11
12/2/2029,121990.1561,108149.4345,141943.6662,105876.3109,138244.8687,2539.928709,2539.928709,2539.928709,-342.2770562,-342.2770562,-342.2770562,2882.205766,2882.205766,2882.205766,0,0,0,124530.0848,2029,12
12/9/2029,122088.941,106166.1719,140118.4708,105891.9558,138488.6891,791.7697473,791.7697473,791.7697473,-735.9988246,-735.9988246,-735.9988246,1527.768572,1527.768572,1527.768572,0,0,0,122880.7107,2029,12
12/16/2029,122187.7259,103039.2645,136786.0581,105901.9205,138732.5094,-2712.549132,-2712.549132,-2712.549132,-166.5716125,-166.5716125,-166.5716125,-2545.977519,-2545.977519,-2545.977519,0,0,0,119475.1767,2029,12
12/23/2029,122286.5108,100001.3781,133618.5073,105976.0036,138971.3203,-6310.751244,-6310.751244,-6310.751244,484.4370094,484.4370094,484.4370094,-6795.188254,-6795.188254,-6795.188254,0,0,0,115975.7595,2029,12
12/30/2029,122385.2957,96261.23178,130530.9267,106013.223,139211.858,-9490.011939,-9490.011939,-9490.011939,-705.2323733,-705.2323733,-705.2323733,-8784.779566,-8784.779566,-8784.779566,0,0,0,112895.2837,2029,12
1/6/2030,122484.0806,96436.33831,131875.2271,106022.4176,139487.4963,-8800.891264,-8800.891264,-8800.891264,-589.1881812,-589.1881812,-589.1881812,-8211.703083,-8211.703083,-8211.703083,0,0,0,113683.1893,2030,1
1/13/2030,122582.8655,98886.49258,134575.3631,106034.4055,139714.1153,-6437.05322,-6437.05322,-6437.05322,175.1982668,175.1982668,175.1982668,-6612.251487,-6612.251487,-6612.251487,0,0,0,116145.8122,2030,1
1/20/2030,122681.6504,100318.8207,135669.2008,106046.3935,139926.4767,-4454.712131,-4454.712131,-4454.712131,1054.089497,1054.089497,1054.089497,-5508.801628,-5508.801628,-5508.801628,0,0,0,118226.9382,2030,1
1/27/2030,122780.4353,99909.2295,136523.4727,106058.3815,140133.713,-5049.806076,-5049.806076,-5049.806076,91.33113646,91.33113646,91.33113646,-5141.137212,-5141.137212,-5141.137212,0,0,0,117730.6292,2030,1
2/3/2030,122879.2202,100870.1062,136924.2656,106071.3205,140403.9256,-4631.597782,-4631.597782,-4631.597782,206.2802004,206.2802004,206.2802004,-4837.877982,-4837.877982,-4837.877982,0,0,0,118247.6224,2030,2
2/10/2030,122978.0051,101354.0265,136550.0479,106089.0775,140735.8736,-4106.434205,-4106.434205,-4106.434205,27.22605472,27.22605472,27.22605472,-4133.66026,-4133.66026,-4133.66026,0,0,0,118871.5708,2030,2
2/17/2030,123076.79,102151.8014,139311.8521,106106.8344,141067.8216,-2889.234335,-2889.234335,-2889.234335,322.1543885,322.1543885,322.1543885,-3211.388723,-3211.388723,-3211.388723,0,0,0,120187.5556,2030,2
2/24/2030,123175.5749,103343.6145,139407.5177,106096.7428,141399.7696,-2270.978841,-2270.978841,-2270.978841,149.6456796,149.6456796,149.6456796,-2420.624521,-2420.624521,-2420.624521,0,0,0,120904.596,2030,2
3/3/2030,123274.3597,103181.6122,139906.1948,106119.1662,141725.0745,-2315.583648,-2315.583648,-2315.583648,-539.1873774,-539.1873774,-539.1873774,-1776.39627,-1776.39627,-1776.39627,0,0,0,120958.7761,2030,3
3/10/2030,123373.1446,103388.1967,140731.5761,106063.4839,141930.5024,-1970.098906,-1970.098906,-1970.098906,-858.0576869,-858.0576869,-858.0576869,-1112.041219,-1112.041219,-1112.041219,0,0,0,121403.0457,2030,3
3/17/2030,123471.9295,104705.2752,141070.0093,106022.3186,142113.9809,-670.5682666,-670.5682666,-670.5682666,-158.9848232,-158.9848232,-158.9848232,-511.5834434,-511.5834434,-511.5834434,0,0,0,122801.3613,2030,3
3/24/2030,123570.7144,105834.8112,143558.2029,106064.0444,142294.9591,365.6713932,365.6713932,365.6713932,651.1129148,651.1129148,651.1129148,-285.4415217,-285.4415217,-285.4415217,0,0,0,123936.3858,2030,3
3/31/2030,123669.4993,104098.5867,141517.3421,106088.9117,142474.1643,-1049.917994,-1049.917994,-1049.917994,-565.4544696,-565.4544696,-565.4544696,-484.4635245,-484.4635245,-484.4635245,0,0,0,122619.5813,2030,3
4/7/2030,123768.2842,104037.6429,141772.4821,106154.4119,142688.5267,-1046.719766,-1046.719766,-1046.719766,-375.9043187,-375.9043187,-375.9043187,-670.8154477,-670.8154477,-670.8154477,0,0,0,122721.5645,2030,4
4/14/2030,123867.0691,104774.1855,143749,106218.3346,142946.5009,-110.2125336,-110.2125336,-110.2125336,244.7679522,244.7679522,244.7679522,-354.9804858,-354.9804858,-354.9804858,0,0,0,123756.8566,2030,4
4/21/2030,123965.854,106493.6362,145377.7538,106255.6635,143204.4752,1414.783657,1414.783657,1414.783657,1003.962362,1003.962362,1003.962362,410.8212952,410.8212952,410.8212952,0,0,0,125380.6377,2030,4
4/28/2030,124064.6389,105975.3755,145245.75,106251.8429,143462.4494,1230.052599,1230.052599,1230.052599,166.1028599,166.1028599,166.1028599,1063.94974,1063.94974,1063.94974,0,0,0,125294.6915,2030,4
5/5/2030,124163.4238,106421.4611,145361.5956,106286.9986,143720.4236,1365.400939,1365.400939,1365.400939,165.2364307,165.2364307,165.2364307,1200.164509,1200.164509,1200.164509,0,0,0,125528.8248,2030,5
5/12/2030,124262.2087,105772.7597,145605.0028,106296.7151,143962.1724,918.0072459,918.0072459,918.0072459,-153.3103504,-153.3103504,-153.3103504,1071.317596,1071.317596,1071.317596,0,0,0,125180.216,2030,5
5/19/2030,124360.9936,106538.3159,145952.2522,106239.1339,144173.1449,1425.530277,1425.530277,1425.530277,134.595888,134.595888,134.595888,1290.934389,1290.934389,1290.934389,0,0,0,125786.5239,2030,5
5/26/2030,124459.7785,106415.4843,146976.8376,106191.1236,144384.1173,2256.003393,2256.003393,2256.003393,167.902538,167.902538,167.902538,2088.100855,2088.100855,2088.100855,0,0,0,126715.7819,2030,5
6/2/2030,124558.5634,107505.7783,146840.1438,106119.3522,144594.2426,2291.101572,2291.101572,2291.101572,-692.7974661,-692.7974661,-692.7974661,2983.899038,2983.899038,2983.899038,0,0,0,126849.665,2030,6
6/9/2030,124657.3483,107970.1453,148257.8226,106048.3689,144869.9723,2338.819607,2338.819607,2338.819607,-907.7838582,-907.7838582,-907.7838582,3246.603465,3246.603465,3246.603465,0,0,0,126996.1679,2030,6
6/16/2030,124756.1332,107394.755,148512.9056,106032.5182,145203.3659,2494.290662,2494.290662,2494.290662,-105.2540137,-105.2540137,-105.2540137,2599.544675,2599.544675,2599.544675,0,0,0,127250.4239,2030,6
6/23/2030,124854.9181,106688.8431,147928.3485,106021.4939,145483.4473,2273.246122,2273.246122,2273.246122,814.4607733,814.4607733,814.4607733,1458.785348,1458.785348,1458.785348,0,0,0,127128.1642,2030,6
6/30/2030,124953.703,105765.6341,145716.3696,106019.8752,145723.4156,184.5614589,184.5614589,184.5614589,-387.3447635,-387.3447635,-387.3447635,571.9062224,571.9062224,571.9062224,0,0,0,125138.2645,2030,6
7/7/2030,125052.4879,105436.0305,146703.9699,105949.2147,145962.1232,333.5990246,333.5990246,333.5990246,-157.6423965,-157.6423965,-157.6423965,491.2414211,491.2414211,491.2414211,0,0,0,125386.0869,2030,7
7/14/2030,125151.2728,106526.31,148025.3441,105887.994,146206.0339,1535.943287,1535.943287,1535.943287,272.8311698,272.8311698,272.8311698,1263.112117,1263.112117,1263.112117,0,0,0,126687.2161,2030,7
7/21/2030,125250.0577,108094.2398,149801.7044,105836.3822,146429.9628,3262.605726,3262.605726,3262.605726,888.8061207,888.8061207,888.8061207,2373.799605,2373.799605,2373.799605,0,0,0,128512.6634,2030,7
