ds,trend,yhat_lower,yhat_upper,trend_lower,trend_upper,monthly,monthly_lower,monthly_upper,multiplicative_terms,multiplicative_terms_lower,multiplicative_terms_upper,quarterly,quarterly_lower,quarterly_upper,yearly,yearly_lower,yearly_upper,additive_terms,additive_terms_lower,additive_terms_upper,yhat,Year,Month,Week
1/4/2026,98173.79765,84208.04597,93880.56165,95546.9955,100946.1444,-0.010094197,-0.010094197,-0.010094197,-0.092202706,-0.092202706,-0.092202706,-0.023849342,-0.023849342,-0.023849342,-0.058259168,-0.058259168,-0.058259168,0,0,0,89121.90783,2026,1,1
1/11/2026,98231.22575,79545.33063,88531.1023,95532.53299,101095.9037,-0.038658494,-0.038658494,-0.038658494,-0.143685603,-0.143685603,-0.143685603,-0.047398734,-0.047398734,-0.047398734,-0.057628375,-0.057628375,-0.057628375,0,0,0,84116.81287,2026,1,2
1/18/2026,98288.65385,83716.64704,93044.01859,95523.85025,101232.7029,0.048625056,0.048625056,0.048625056,-0.100212915,-0.100212915,-0.100212915,-0.044385687,-0.044385687,-0.044385687,-0.104452284,-0.104452284,-0.104452284,0,0,0,88438.86136,2026,1,3
1/25/2026,98346.08194,86185.7626,95722.86546,95522.65588,101354.7053,-0.013171094,-0.013171094,-0.013171094,-0.074096973,-0.074096973,-0.074096973,0.080602353,0.080602353,0.080602353,-0.141528232,-0.141528232,-0.141528232,0,0,0,91058.93493,2026,1,4
2/1/2026,98403.51004,83819.90717,93461.90339,95521.67632,101485.1481,0.021242533,0.021242533,0.021242533,-0.098698052,-0.098698052,-0.098698052,-0.003429831,-0.003429831,-0.003429831,-0.116510754,-0.116510754,-0.116510754,0,0,0,88691.27524,2026,2,5
2/8/2026,98460.93814,90535.88637,100839.6488,95493.89763,101618.9001,-0.042527909,-0.042527909,-0.042527909,-0.029949452,-0.029949452,-0.029949452,0.048640473,0.048640473,0.048640473,-0.036062016,-0.036062016,-0.036062016,0,0,0,95512.08696,2026,2,6
2/15/2026,98518.36623,85769.78246,96224.56641,95471.73891,101763.4417,0.01754397,0.01754397,0.01754397,-0.075986505,-0.075986505,-0.075986505,-0.132079711,-0.132079711,-0.132079711,0.038549236,0.038549236,0.038549236,0,0,0,91032.29991,2026,2,7
2/22/2026,98575.79433,93332.75564,104204.4557,95409.46422,101877.6377,0.020573755,0.020573755,0.020573755,0.002114266,0.002114266,0.002114266,-0.066938834,-0.066938834,-0.066938834,0.048479345,0.048479345,0.048479345,0,0,0,98784.20982,2026,2,8
3/1/2026,98633.22243,94026.532,104543.4236,95374.32333,101992.71,0.025286021,0.025286021,0.025286021,0.002248167,0.002248167,0.002248167,-0.013669919,-0.013669919,-0.013669919,-0.009367935,-0.009367935,-0.009367935,0,0,0,98854.96642,2026,3,9
3/8/2026,98690.65052,94030.1544,104107.5513,95374.965,102110.2871,-0.030265307,-0.030265307,-0.030265307,0.003487835,0.003487835,0.003487835,0.115384345,0.115384345,0.115384345,-0.081631203,-0.081631203,-0.081631203,0,0,0,99034.86722,2026,3,10
3/15/2026,98748.07862,88438.6228,98588.58985,95383.48539,102254.9302,-0.028874055,-0.028874055,-0.028874055,-0.052219369,-0.052219369,-0.052219369,0.08342317,0.08342317,0.08342317,-0.106768484,-0.106768484,-0.106768484,0,0,0,93591.51626,2026,3,11
3/22/2026,98805.50672,98328.4425,108557.3199,95379.28641,102377.3819,0.038231082,0.038231082,0.038231082,0.043690554,0.043690554,0.043690554,0.07115366,0.07115366,0.07115366,-0.065694189,-0.065694189,-0.065694189,0,0,0,103122.3741,2026,3,12
3/29/2026,98862.93481,86631.89758,97346.89422,95369.31748,102497.4614,-0.015027636,-0.015027636,-0.015027636,-0.071474268,-0.071474268,-0.071474268,-0.064137105,-0.064137105,-0.064137105,0.007690473,0.007690473,0.007690473,0,0,0,91796.7789,2026,3,13
4/5/2026,98920.36291,96560.11299,107404.8813,95319.5991,102633.1049,-0.004321656,-0.004321656,-0.004321656,0.028897876,0.028897876,0.028897876,-0.025877877,-0.025877877,-0.025877877,0.059097409,0.059097409,0.059097409,0,0,0,101778.9513,2026,4,14
4/12/2026,98977.79101,90953.25022,101554.8393,95275.17508,102783.4801,-0.039625102,-0.039625102,-0.039625102,-0.029572275,-0.029572275,-0.029572275,-0.048018883,-0.048018883,-0.048018883,0.058071709,0.058071709,0.058071709,0,0,0,96050.7925,2026,4,15
4/19/2026,99035.2191,95743.36844,106872.6806,95227.95412,102961.624,0.047380651,0.047380651,0.047380651,0.022401953,0.022401953,0.022401953,-0.043865065,-0.043865065,-0.043865065,0.018886366,0.018886366,0.018886366,0,0,0,101253.8014,2026,4,16
4/26/2026,99092.6472,99094.9127,110566.1772,95244.81899,103082.5931,-0.006516851,-0.006516851,-0.006516851,0.055256396,0.055256396,0.055256396,0.076249706,0.076249706,0.076249706,-0.014476459,-0.014476459,-0.014476459,0,0,0,104568.1497,2026,4,17
5/3/2026,99150.0753,94948.24314,106927.8827,95218.23264,103232.2317,0.026512954,0.026512954,0.026512954,0.02004843,0.02004843,0.02004843,-0.001225958,-0.001225958,-0.001225958,-0.005238567,-0.005238567,-0.005238567,0,0,0,101137.8786,2026,5,18
5/10/2026,99207.50339,98966.13483,110980.9487,95185.37079,103378.9202,-0.041956228,-0.041956228,-0.041956228,0.055527656,0.055527656,0.055527656,0.052019713,0.052019713,0.052019713,0.045464172,0.045464172,0.045464172,0,0,0,104716.2636,2026,5,19
5/17/2026,99264.93149,90668.28846,102536.3038,95221.58484,103520.3787,0.00628981,0.00628981,0.00628981,-0.027614828,-0.027614828,-0.027614828,-0.131629782,-0.131629782,-0.131629782,0.097725145,0.097725145,0.097725145,0,0,0,96523.74751,2026,5,20
5/24/2026,99322.35959,99709.47169,111275.4026,95188.31424,103688.2702,0.024962317,0.024962317,0.024962317,0.062774717,0.062774717,0.062774717,-0.066797345,-0.066797345,-0.066797345,0.104609745,0.104609745,0.104609745,0,0,0,105557.2926,2026,5,21
5/31/2026,99379.78768,98079.62695,110593.3758,95155.04365,103871.7311,0.018362561,0.018362561,0.018362561,0.052566416,0.052566416,0.052566416,-0.01885729,-0.01885729,-0.01885729,0.053061145,0.053061145,0.053061145,0,0,0,104603.8269,2026,5,22
6/7/2026,99437.21578,99993.7499,112291.3567,95119.86203,104025.6167,-0.02563586,-0.02563586,-0.02563586,0.065532492,0.065532492,0.065532492,0.112108552,0.112108552,0.112108552,-0.0209402,-0.0209402,-0.0209402,0,0,0,105953.5843,2026,6,23
6/14/2026,99494.64387,92893.065,105583.2883,95082.89901,104180.1508,-0.033135641,-0.033135641,-0.033135641,-0.004801914,-0.004801914,-0.004801914,0.088126486,0.088126486,0.088126486,-0.059792759,-0.059792759,-0.059792759,0,0,0,99016.87913,2026,6,24
6/21/2026,99552.07197,100646.3063,114063.8531,95045.35614,104334.7991,0.041792777,0.041792777,0.041792777,0.077791014,0.077791014,0.077791014,0.069488216,0.069488216,0.069488216,-0.033489979,-0.033489979,-0.033489979,0,0,0,107296.3286,2026,6,25
6/28/2026,99609.50007,89024.04215,101841.6133,95005.99288,104481.074,-0.01917833,-0.01917833,-0.01917833,-0.043924084,-0.043924084,-0.043924084,-0.058162237,-0.058162237,-0.058162237,0.033416483,0.033416483,0.033416483,0,0,0,95234.24399,2026,6,26
7/5/2026,99666.92816,99015.218,112187.0057,94963.78741,104698.9666,0.001850158,0.001850158,0.001850158,0.057165092,0.057165092,0.057165092,-0.028330202,-0.028330202,-0.028330202,0.083645136,0.083645136,0.083645136,0,0,0,105364.3972,2026,7,27
7/12/2026,99724.35626,92462.90227,105109.7258,94921.58195,104865.8739,-0.040607172,-0.040607172,-0.040607172,-0.010336322,-0.010336322,-0.010336322,-0.04841669,-0.04841669,-0.04841669,0.07868754,0.07868754,0.07868754,0,0,0,98693.57317,2026,7,28
7/19/2026,99781.78436,96579.64335,109760.2743,94874.701,105006.645,0.043512968,0.043512968,0.043512968,0.031948925,0.031948925,0.031948925,-0.043117013,-0.043117013,-0.043117013,0.031552969,0.031552969,0.031552969,0,0,0,102969.7051,2026,7,29
7/26/2026,99839.21245,99805.43527,112666.2592,94835.44878,105203.2574,0.000986389,0.000986389,0.000986389,0.062751582,0.062751582,0.062751582,0.07130252,0.07130252,0.07130252,-0.009537328,-0.009537328,-0.009537328,0,0,0,106104.281,2026,7,30
8/2/2026,99896.64055,95384.21834,109192.6745,94787.68245,105360.3483,0.030078215,0.030078215,0.030078215,0.023129812,0.023129812,0.023129812,0.001652001,0.001652001,0.001652001,-0.008600404,-0.008600404,-0.008600404,0,0,0,102207.2311,2026,8,31
8/9/2026,99954.06865,97320.65466,111305.3837,94744.76893,105520.7433,-0.040413356,-0.040413356,-0.040413356,0.040559445,0.040559445,0.040559445,0.054548416,0.054548416,0.054548416,0.026424384,0.026424384,0.026424384,0,0,0,104008.1502,2026,8,32
8/16/2026,100011.4967,86044.15898,98406.36281,94666.11186,105654.8201,-0.004703239,-0.004703239,-0.004703239,-0.079244691,-0.079244691,-0.079244691,-0.130443704,-0.130443704,-0.130443704,0.055902251,0.055902251,0.055902251,0,0,0,92086.11657,2026,8,33
8/23/2026,100068.9248,94134.33533,108409.8749,94659.58191,105802.7325,0.028515422,0.028515422,0.028515422,0.009959363,0.009959363,0.009959363,-0.066859694,-0.066859694,-0.066859694,0.048303635,0.048303635,0.048303635,0,0,0,101065.5476,2026,8,34
8/30/2026,100126.3529,92895.78557,106229.0025,94650.10945,105970.6993,0.009721722,0.009721722,0.009721722,-0.006485432,-0.006485432,-0.006485432,-0.023924673,-0.023924673,-0.023924673,0.007717519,0.007717519,0.007717519,0,0,0,99476.99027,2026,8,35
9/6/2026,100183.781,99025.57076,112768.4887,94641.84832,106146.7708,-0.020697881,-0.020697881,-0.020697881,0.054852908,0.054852908,0.054852908,0.108676519,0.108676519,0.108676519,-0.03312573,-0.03312573,-0.03312573,0,0,0,105679.1527,2026,9,36
9/13/2026,100241.2091,94865.46368,109306.2773,94633.24623,106306.7816,-0.035853811,-0.035853811,-0.035853811,0.015147477,0.015147477,0.015147477,0.092840059,0.092840059,0.092840059,-0.041838771,-0.041838771,-0.041838771,0,0,0,101759.6105,2026,9,37
9/20/2026,100298.6372,103771.1175,118309.7804,94594.91038,106449.6685,0.04514263,0.04514263,0.04514263,0.102964033,0.102964033,0.102964033,0.06752461,0.06752461,0.06752461,-0.009703208,-0.009703208,-0.009703208,0,0,0,110625.7894,2026,9,38
9/27/2026,100356.0653,90815.40678,104647.6263,94565.4549,106587.7192,-0.020159748,-0.020159748,-0.020159748,-0.026387893,-0.026387893,-0.026387893,-0.051674702,-0.051674702,-0.051674702,0.045446557,0.045446557,0.045446557,0,0,0,97707.8802,2026,9,39
10/4/2026,100413.4934,99700.65182,115169.4529,94543.81454,106765.5359,0.008365485,0.008365485,0.008365485,0.069373159,0.069373159,0.069373159,-0.031182851,-0.031182851,-0.031182851,0.092190525,0.092190525,0.092190525,0,0,0,107379.4946,2026,10,40
10/11/2026,100470.9215,94158.84108,109204.5582,94507.53375,106954.4597,-0.041569661,-0.041569661,-0.041569661,0.0135361,0.0135361,0.0135361,-0.048571191,-0.048571191,-0.048571191,0.103676952,0.103676952,0.103676952,0,0,0,101830.906,2026,10,41
10/18/2026,100528.3496,99610.6207,115237.7148,94439.62739,107136.9706,0.036964471,0.036964471,0.036964471,0.068673679,0.068673679,0.068673679,-0.042195006,-0.042195006,-0.042195006,0.073904214,0.073904214,0.073904214,0,0,0,107432.0012,2026,10,42
10/25/2026,100585.7777,102704.278,118544.7909,94419.0173,107261.224,0.00841028,0.00841028,0.00841028,0.099247724,0.099247724,0.099247724,0.065825144,0.065825144,0.065825144,0.0250123,0.0250123,0.0250123,0,0,0,110568.6872,2026,10,43
11/1/2026,100643.2058,96286.58949,111943.5552,94386.48942,107425.7085,0.031287839,0.031287839,0.031287839,0.032580158,0.032580158,0.032580158,0.00516571,0.00516571,0.00516571,-0.003873391,-0.003873391,-0.003873391,0,0,0,103922.1773,2026,11,44
11/8/2026,100700.6339,96232.84258,112556.7766,94344.51998,107589.8199,-0.037864458,-0.037864458,-0.037864458,0.031911148,0.031911148,0.031911148,0.056224116,0.056224116,0.056224116,0.01355149,0.01355149,0.01355149,0,0,0,103914.1067,2026,11,45
11/15/2026,100758.062,85847.33924,100056.2856,94297.1832,107767.7482,-0.014571502,-0.014571502,-0.014571502,-0.080003493,-0.080003493,-0.080003493,-0.128496901,-0.128496901,-0.128496901,0.063064909,0.063064909,0.063064909,0,0,0,92697.06505,2026,11,46
11/22/2026,100815.4901,98870.58067,114877.3537,94249.44488,107978.2692,0.031669888,0.031669888,0.031669888,0.05842559,0.05842559,0.05842559,-0.067163092,-0.067163092,-0.067163092,0.093918794,0.093918794,0.093918794,0,0,0,106705.6946,2026,11,47
11/29/2026,100872.9182,95751.30882,112758.7886,94194.10156,108082.1926,0.000459999,0.000459999,0.000459999,0.032155535,0.032155535,0.032155535,-0.02884317,-0.02884317,-0.02884317,0.060538707,0.060538707,0.060538707,0,0,0,104116.5409,2026,11,48
12/6/2026,100930.3463,98365.83421,115621.1963,94140.73571,108252.3503,-0.015525783,-0.015525783,-0.015525783,0.05753941,0.05753941,0.05753941,0.10510412,0.10510412,0.10510412,-0.032038927,-0.032038927,-0.032038927,0,0,0,106737.8189,2026,12,49
12/13/2026,100987.7744,87183.29689,102440.2354,94088.81399,108412.5051,-0.037527713,-0.037527713,-0.037527713,-0.065491958,-0.065491958,-0.065491958,0.097509359,0.097509359,0.097509359,-0.125473604,-0.125473604,-0.125473604,0,0,0,94373.88728,2026,12,50
12/20/2026,101045.2025,88244.26655,104712.9051,94031.85877,108565.8933,0.047661283,0.047661283,0.047661283,-0.044658652,-0.044658652,-0.044658652,0.065331166,0.065331166,0.065331166,-0.157651102,-0.157651102,-0.157651102,0,0,0,96532.65991,2026,12,51
12/27/2026,101102.6306,75743.77422,89871.94715,93974.76561,108765.5702,-0.017994793,-0.017994793,-0.017994793,-0.182662509,-0.182662509,-0.182662509,-0.044739283,-0.044739283,-0.044739283,-0.119928433,-0.119928433,-0.119928433,0,0,0,82634.97046,2026,12,52
1/3/2027,101160.0587,84608.59918,100907.1366,93917.67245,108958.2095,0.014981756,0.014981756,0.014981756,-0.084128756,-0.084128756,-0.084128756,-0.034404038,-0.034404038,-0.034404038,-0.064706474,-0.064706474,-0.064706474,0,0,0,92649.58882,2027,1,53
1/10/2027,101217.4868,79211.08036,94594.40206,93862.63611,109048.1764,-0.042306856,-0.042306856,-0.042306856,-0.144016787,-0.144016787,-0.144016787,-0.048467054,-0.048467054,-0.048467054,-0.053242877,-0.053242877,-0.053242877,0,0,0,86640.46952,2027,1,1
1/17/2027,101274.9149,82091.95994,98799.1468,93818.52174,109261.8097,0.028076732,0.028076732,0.028076732,-0.107882764,-0.107882764,-0.107882764,-0.041152637,-0.041152637,-0.041152637,-0.094806859,-0.094806859,-0.094806859,0,0,0,90349.09711,2027,1,2
1/24/2027,101332.343,86674.15034,103653.0202,93767.61131,109477.8135,0.015057919,0.015057919,0.015057919,-0.063590403,-0.063590403,-0.063590403,0.059888421,0.059888421,0.059888421,-0.138536744,-0.138536744,-0.138536744,0,0,0,94888.5784,2027,1,3
1/31/2027,101389.7711,84997.39538,101313.7628,93746.59896,109685.6326,0.029714118,0.029714118,0.029714118,-0.08718736,-0.08718736,-0.08718736,0.009265717,0.009265717,0.009265717,-0.126167195,-0.126167195,-0.126167195,0,0,0,92549.86458,2027,1,4
2/7/2027,101447.1992,90218.75618,106947.1858,93766.92291,109901.3221,-0.034415253,-0.034415253,-0.034415253,-0.029490175,-0.029490175,-0.029490175,0.05705702,0.05705702,0.05705702,-0.052131942,-0.052131942,-0.052131942,0,0,0,98455.5035,2027,2,5
2/14/2027,101504.6273,81138.5621,97670.7341,93779.00918,110110.4285,-0.022714405,-0.022714405,-0.022714405,-0.119682107,-0.119682107,-0.119682107,-0.125774846,-0.125774846,-0.125774846,0.028807144,0.028807144,0.028807144,0,0,0,89356.33958,2027,2,6
2/21/2027,101562.0554,94351.85402,113214.6881,93797.72769,110300.4041,0.034834404,0.034834404,0.034834404,0.019590215,0.019590215,0.019590215,-0.06774016,-0.06774016,-0.06774016,0.052495971,0.052495971,0.052495971,0,0,0,103551.6778,2027,2,7
2/28/2027,101619.4834,89178.08471,107247.4303,93763.98755,110498.7752,-0.008181174,-0.008181174,-0.008181174,-0.037749833,-0.037749833,-0.037749833,-0.033583856,-0.033583856,-0.033583856,0.004015197,0.004015197,0.004015197,0,0,0,97783.36495,2027,2,8
3/7/2027,101676.9115,94755.65715,113206.8005,93711.7989,110677.9452,-0.010094197,-0.010094197,-0.010094197,0.020558825,0.020558825,0.020558825,0.101405015,0.101405015,0.101405015,-0.070751993,-0.070751993,-0.070751993,0,0,0,103767.2694,2027,3,9
3/14/2027,101734.3396,88388.38429,107015.4684,93627.05441,110879.9597,-0.038658494,-0.038658494,-0.038658494,-0.043937045,-0.043937045,-0.043937045,0.102081392,0.102081392,0.102081392,-0.107359942,-0.107359942,-0.107359942,0,0,0,97264.43342,2027,3,10
3/21/2027,101791.7677,95841.0206,115090.9444,93544.59267,111071.2701,0.048625056,0.048625056,0.048625056,0.03469293,0.03469293,0.03469293,0.062978336,0.062978336,0.062978336,-0.076910461,-0.076910461,-0.076910461,0,0,0,105323.2225,2027,3,11
3/28/2027,101849.1958,87424.97637,105554.5681,93460.30192,111228.5087,-0.013171094,-0.013171094,-0.013171094,-0.055875774,-0.055875774,-0.055875774,-0.037427039,-0.037427039,-0.037427039,-0.005277641,-0.005277641,-0.005277641,0,0,0,96158.29319,2027,3,12
4/4/2027,101906.6239,96226.28385,116742.9701,93371.25219,111368.9512,0.021242533,0.021242533,0.021242533,0.036739982,0.036739982,0.036739982,-0.037954003,-0.037954003,-0.037954003,0.053451453,0.053451453,0.053451453,0,0,0,105650.6715,2027,4,13
4/11/2027,101964.052,89618.35837,109473.1234,93315.90247,111484.2263,-0.042527909,-0.042527909,-0.042527909,-0.028593564,-0.028593564,-0.028593564,-0.048095047,-0.048095047,-0.048095047,0.062029392,0.062029392,0.062029392,0,0,0,99048.53639,2027,4,14
4/18/2027,102021.4801,92683.83495,112867.2741,93240.8712,111651.2799,0.01754397,0.01754397,0.01754397,0.004362138,0.004362138,0.004362138,-0.040042511,-0.040042511,-0.040042511,0.026860679,0.026860679,0.026860679,0,0,0,102466.5119,2027,4,15
4/25/2027,102078.9082,97989.61302,119578.0195,93225.99289,111866.8937,0.020573755,0.020573755,0.020573755,0.06317688,0.06317688,0.06317688,0.053568441,0.053568441,0.053568441,-0.010965316,-0.010965316,-0.010965316,0,0,0,108527.9352,2027,4,16
5/2/2027,102136.3363,94484.27756,116251.3925,93200.88305,112082.5076,0.025286021,0.025286021,0.025286021,0.028612158,0.028612158,0.028612158,0.013892305,0.013892305,0.013892305,-0.010566168,-0.010566168,-0.010566168,0,0,0,105058.6773,2027,5,17
5/9/2027,102193.7644,97744.67769,119646.9569,93181.37722,112298.8888,-0.030265307,-0.030265307,-0.030265307,0.061610059,0.061610059,0.061610059,0.057069868,0.057069868,0.057069868,0.034805498,0.034805498,0.034805498,0,0,0,108489.9283,2027,5,18
5/16/2027,102251.1925,86569.6677,106697.867,93208.89252,112509.2283,-0.028874055,-0.028874055,-0.028874055,-0.060540008,-0.060540008,-0.060540008,-0.12227355,-0.12227355,-0.12227355,0.090607598,0.090607598,0.090607598,0,0,0,96060.90452,2027,5,19
5/23/2027,102308.6206,99257.28248,122297.7451,93176.98357,112658.6742,0.038231082,0.038231082,0.038231082,0.077573488,0.077573488,0.077573488,-0.068618143,-0.068618143,-0.068618143,0.107960548,0.107960548,0.107960548,0,0,0,110245.0571,2027,5,20
5/30/2027,102366.0487,93218.74767,115355.2001,93141.06806,112852.6406,-0.015027636,-0.015027636,-0.015027636,0.012350691,0.012350691,0.012350691,-0.038118342,-0.038118342,-0.038118342,0.065496669,0.065496669,0.065496669,0,0,0,103630.3401,2027,5,21
6/6/2027,102423.4768,99655.64573,123098.6492,93101.30884,112971.5875,-0.004321656,-0.004321656,-0.004321656,0.084540403,0.084540403,0.084540403,0.09759058,0.09759058,0.09759058,-0.00872852,-0.00872852,-0.00872852,0,0,0,111082.3988,2027,6,22
6/13/2027,102480.9049,92601.84586,115238.5761,93065.97794,113190.0498,-0.039625102,-0.039625102,-0.039625102,0.009427208,0.009427208,0.009427208,0.106505479,0.106505479,0.106505479,-0.057453169,-0.057453169,-0.057453169,0,0,0,103447.0138,2027,6,23
6/20/2027,102538.333,97932.05366,121563.3532,93037.01869,113384.9392,0.047380651,0.047380651,0.047380651,0.065360581,0.065360581,0.065360581,0.060537513,0.060537513,0.060537513,-0.042557584,-0.042557584,-0.042557584,0,0,0,109240.298,2027,6,24
6/27/2027,102595.7611,90413.46556,112378.8549,92979.95623,113642.2962,-0.006516851,-0.006516851,-0.006516851,-0.015349579,-0.015349579,-0.015349579,-0.029814215,-0.029814215,-0.029814215,0.020981487,0.020981487,0.020981487,0,0,0,101020.9593,2027,6,25
7/4/2027,102653.1892,97777.67123,121608.4523,92897.88996,113818.6593,0.026512954,0.026512954,0.026512954,0.062950551,0.062950551,0.062950551,-0.041785522,-0.041785522,-0.041785522,0.078223119,0.078223119,0.078223119,0,0,0,109115.264,2027,7,26
7/11/2027,102710.6173,91862.84161,113755.5782,92824.63831,114032.2088,-0.041956228,-0.041956228,-0.041956228,-0.005678079,-0.005678079,-0.005678079,-0.047452381,-0.047452381,-0.047452381,0.083730529,0.083730529,0.083730529,0,0,0,102127.4182,2027,7,27
7/18/2027,102768.0454,92595.22186,115660.6006,92766.28556,114281.5151,0.00628981,0.00628981,0.00628981,0.00841838,0.00841838,0.00841838,-0.038915186,-0.038915186,-0.038915186,0.041043757,0.041043757,0.041043757,0,0,0,103633.1859,2027,7,28
7/25/2027,102825.4735,98326.53731,122683.5447,92650.62344,114452.3202,0.024962317,0.024962317,0.024962317,0.06715819,0.06715819,0.06715819,0.04694521,0.04694521,0.04694521,-0.004749337,-0.004749337,-0.004749337,0,0,0,109731.0461,2027,7,29
8/1/2027,102882.9016,93872.87655,118155.3119,92535.4422,114533.5486,0.018362561,0.018362561,0.018362561,0.025237726,0.025237726,0.025237726,0.018976514,0.018976514,0.018976514,-0.01210135,-0.01210135,-0.01210135,0,0,0,105479.432,2027,8,30
8/8/2027,102940.3297,96308.67487,121112.6062,92438.4488,114662.0825,-0.02563586,-0.02563586,-0.02563586,0.049959649,0.049959649,0.049959649,0.056297572,0.056297572,0.056297572,0.019297937,0.019297937,0.019297937,0,0,0,108083.1924,2027,8,31
8/15/2027,102997.7578,81958.41347,104190.6426,92341.75117,114873.7777,-0.033135641,-0.033135641,-0.033135641,-0.098289589,-0.098289589,-0.098289589,-0.117999883,-0.117999883,-0.117999883,0.052845935,0.052845935,0.052845935,0,0,0,92874.15045,2027,8,32
8/22/2027,103055.1859,94101.79753,118650.4224,92271.951,114968.7777,0.041792777,0.041792777,0.041792777,0.024680103,0.024680103,0.024680103,-0.069818206,-0.069818206,-0.069818206,0.052705532,0.052705532,0.052705532,0,0,0,105598.5985,2027,8,33
8/29/2027,103112.614,87168.2665,110397.7637,92205.44772,115083.6495,-0.01917833,-0.01917833,-0.01917833,-0.045492594,-0.045492594,-0.045492594,-0.042419365,-0.042419365,-0.042419365,0.016105101,0.016105101,0.016105101,0,0,0,98421.75365,2027,8,34
9/5/2027,103170.0421,97792.58097,124034.0302,92125.23838,115212.6916,0.001850158,0.001850158,0.001850158,0.068036993,0.068036993,0.068036993,0.093669908,0.093669908,0.093669908,-0.027483072,-0.027483072,-0.027483072,0,0,0,110189.4215,2027,9,35
9/12/2027,103227.4702,93939.86206,119611.9911,92045.02904,115286.2253,-0.040607172,-0.040607172,-0.040607172,0.026710932,0.026710932,0.026710932,0.110733973,0.110733973,0.110733973,-0.043415869,-0.043415869,-0.043415869,0,0,0,105984.7721,2027,9,36
9/19/2027,103284.8983,99396.49805,126091.1107,91890.40089,115496.1652,0.043512968,0.043512968,0.043512968,0.083671546,0.083671546,0.083671546,0.058079851,0.058079851,0.058079851,-0.017921273,-0.017921273,-0.017921273,0,0,0,111926.9054,2027,9,37
9/26/2027,103342.3263,92387.61467,117914.8825,91851.41128,115677.613,0.000986389,0.000986389,0.000986389,0.014269648,0.014269648,0.014269648,-0.021981061,-0.021981061,-0.021981061,0.035264319,0.035264319,0.035264319,0,0,0,104816.985,2027,9,38
10/3/2027,103399.7544,97887.33108,124619.3598,91762.00862,115890.1829,0.030078215,0.030078215,0.030078215,0.070082731,0.070082731,0.070082731,-0.045844549,-0.045844549,-0.045844549,0.085849065,0.085849065,0.085849065,0,0,0,110646.2916,2027,10,39
10/10/2027,103457.1825,93546.90679,118602.285,91668.92006,116108.0432,-0.040413356,-0.040413356,-0.040413356,0.017888776,0.017888776,0.017888776,-0.046542909,-0.046542909,-0.046542909,0.10484504,0.10484504,0.10484504,0,0,0,105307.9049,2027,10,40
10/17/2027,103514.6106,95200.54005,121751.2092,91584.95099,116367.251,-0.004703239,-0.004703239,-0.004703239,0.039087039,0.039087039,0.039087039,-0.037818183,-0.037818183,-0.037818183,0.08160846,0.08160846,0.08160846,0,0,0,107560.6902,2027,10,41
10/24/2027,103572.0387,100651.171,128727.9522,91468.0467,116549.8068,0.028515422,0.028515422,0.028515422,0.102054195,0.102054195,0.102054195,0.040101286,0.040101286,0.040101286,0.033437487,0.033437487,0.033437487,0,0,0,114141.9998,2027,10,42
10/31/2027,103629.4668,93671.60146,120945.6059,91394.80698,116728.6051,0.009721722,0.009721722,0.009721722,0.032382507,0.032382507,0.032382507,0.024441315,0.024441315,0.024441315,-0.00178053,-0.00178053,-0.00178053,0,0,0,106985.2487,2027,10,43
11/7/2027,103686.8949,94763.83761,122323.8012,91330.34914,116905.3459,-0.020697881,-0.020697881,-0.020697881,0.0411453,0.0411453,0.0411453,0.054786671,0.054786671,0.054786671,0.00705651,0.00705651,0.00705651,0,0,0,107953.1233,2027,11,44
11/14/2027,103744.323,82495.44832,106465.0162,91241.20732,117088.5971,-0.035853811,-0.035853811,-0.035853811,-0.094938644,-0.094938644,-0.094938644,-0.112971726,-0.112971726,-0.112971726,0.053886893,0.053886893,0.053886893,0,0,0,93894.97771,2027,11,45
11/21/2027,103801.7511,97287.30604,125561.914,91165.65597,117301.579,0.04514263,0.04514263,0.04514263,0.066066277,0.066066277,0.066066277,-0.071354822,-0.071354822,-0.071354822,0.09227847,0.09227847,0.09227847,0,0,0,110659.5464,2027,11,46
11/28/2027,103859.1792,90866.73439,119025.4879,91133.86563,117551.1157,-0.020159748,-0.020159748,-0.020159748,0.005212645,0.005212645,0.005212645,-0.046461384,-0.046461384,-0.046461384,0.071833778,0.071833778,0.071833778,0,0,0,104400.5603,2027,11,47
12/5/2027,103916.6073,97992.52907,128702.01,91092.46534,117794.4405,0.008365485,0.008365485,0.008365485,0.084685083,0.084685083,0.084685083,0.089649894,0.089649894,0.089649894,-0.013330296,-0.013330296,-0.013330296,0,0,0,112716.7938,2027,12,48
12/12/2027,103974.0354,87150.28233,114293.7912,91034.16602,118038.7566,-0.041569661,-0.041569661,-0.041569661,-0.03879017,-0.03879017,-0.03879017,0.114722884,0.114722884,0.114722884,-0.111943392,-0.111943392,-0.111943392,0,0,0,99940.86494,2027,12,49
12/19/2027,104031.4635,84561.26051,111355.142,91001.6831,118123.2334,0.036964471,0.036964471,0.036964471,-0.065090698,-0.065090698,-0.065090698,0.055675098,0.055675098,0.055675098,-0.157730267,-0.157730267,-0.157730267,0,0,0,97259.98295,2027,12,50
12/26/2027,104088.8916,78140.04928,102458.7165,90912.71345,118396.1173,0.00841028,0.00841028,0.00841028,-0.135584682,-0.135584682,-0.135584682,-0.014010588,-0.014010588,-0.014010588,-0.129984374,-0.129984374,-0.129984374,0,0,0,89976.03236,2027,12,51
1/2/2028,104146.3197,81891.48339,108620.4208,90845.91901,118696.8231,0.031287839,0.031287839,0.031287839,-0.091487542,-0.091487542,-0.091487542,-0.050070999,-0.050070999,-0.050070999,-0.072704382,-0.072704382,-0.072704382,0,0,0,94618.22888,2028,1,52
1/9/2028,104203.7478,78302.28491,103446.0347,90781.23908,118997.5289,-0.037864458,-0.037864458,-0.037864458,-0.133969495,-0.133969495,-0.133969495,-0.045377188,-0.045377188,-0.045377188,-0.050727849,-0.050727849,-0.050727849,0,0,0,90243.62432,2028,1,1
1/16/2028,104261.1759,78253.2598,103574.8825,90614.11989,119268.3475,-0.014571502,-0.014571502,-0.014571502,-0.136619027,-0.136619027,-0.136619027,-0.036795071,-0.036795071,-0.036795071,-0.085252454,-0.085252454,-0.085252454,0,0,0,90017.11547,2028,1,2
1/23/2028,104318.604,83280.04994,112048.7548,90524.60861,119520.1113,0.031669888,0.031669888,0.031669888,-0.068809038,-0.068809038,-0.068809038,0.033120389,0.033120389,0.033120389,-0.133599315,-0.133599315,-0.133599315,0,0,0,97140.54125,2028,1,3
1/30/2028,104376.0321,81085.3637,107703.9761,90453.26891,119761.2068,0.000459999,0.000459999,0.000459999,-0.103015445,-0.103015445,-0.103015445,0.030202905,0.030202905,0.030202905,-0.133678349,-0.133678349,-0.133678349,0,0,0,93623.68871,2028,1,4
2/6/2028,104433.4602,87554.3494,117021.1077,90389.346,119964.7835,-0.015525783,-0.015525783,-0.015525783,-0.030885967,-0.030885967,-0.030885967,0.052594579,0.052594579,0.052594579,-0.067954763,-0.067954763,-0.067954763,0,0,0,101207.9318,2028,2,5
2/13/2028,104490.8883,78039.38681,104866.3099,90351.32725,120118.0511,-0.037527713,-0.037527713,-0.037527713,-0.127652098,-0.127652098,-0.127652098,-0.107217937,-0.107217937,-0.107217937,0.017093552,0.017093552,0.017093552,0,0,0,91152.40712,2028,2,6
2/20/2028,104548.3164,92903.43151,123785.2879,90346.90564,120295.2668,0.047661283,0.047661283,0.047661283,0.028459386,0.028459386,0.028459386,-0.073235262,-0.073235262,-0.073235262,0.054033365,0.054033365,0.054033365,0,0,0,107523.6972,2028,2,7
2/27/2028,104605.7445,85312.41926,114719.7977,90292.38809,120551.3395,-0.017994793,-0.017994793,-0.017994793,-0.051707834,-0.051707834,-0.051707834,-0.050221167,-0.050221167,-0.050221167,0.016508127,0.016508127,0.016508127,0,0,0,99196.80805,2028,2,8
3/5/2028,104663.1726,93583.83492,126207.7878,90230.43223,120722.4558,0.014981756,0.014981756,0.014981756,0.041966913,0.041966913,0.041966913,0.085535383,0.085535383,0.085535383,-0.058550227,-0.058550227,-0.058550227,0,0,0,109055.5628,2028,3,9
3/12/2028,104720.6007,87213.32124,117459.7551,90105.80296,120924.0171,-0.042306856,-0.042306856,-0.042306856,-0.029528609,-0.029528609,-0.029528609,0.11843242,0.11843242,0.11843242,-0.105654173,-0.105654173,-0.105654173,0,0,0,101628.347,2028,3,10
3/19/2028,104778.0288,88971.99697,120799.5254,90014.67811,121126.5861,0.028076732,0.028076732,0.028076732,-0.005266918,-0.005266918,-0.005266918,0.053390486,0.053390486,0.053390486,-0.086734136,-0.086734136,-0.086734136,0,0,0,104226.1715,2028,3,11
3/26/2028,104835.4569,88928.74452,120761.2617,89894.9473,121340.5729,0.015057919,0.015057919,0.015057919,-0.009637417,-0.009637417,-0.009637417,-0.005987286,-0.005987286,-0.005987286,-0.01870805,-0.01870805,-0.01870805,0,0,0,103825.1138,2028,3,12
4/2/2028,104892.885,91552.30284,123544.6588,89769.28639,121546.0017,0.029714118,0.029714118,0.029714118,0.021394598,0.021394598,0.021394598,-0.05439965,-0.05439965,-0.05439965,0.04608013,0.04608013,0.04608013,0,0,0,107137.0261,2028,4,13
4/9/2028,104950.3131,88137.4107,120030.76,89742.66048,121695.4288,-0.034415253,-0.034415253,-0.034415253,-0.013894596,-0.013894596,-0.013894596,-0.043972393,-0.043972393,-0.043972393,0.064493051,0.064493051,0.064493051,0,0,0,103492.0709,2028,4,14
4/16/2028,105007.7411,87488.08184,118719.4938,89710.6736,121829.4308,-0.022714405,-0.022714405,-0.022714405,-0.023847888,-0.023847888,-0.023847888,-0.035884664,-0.035884664,-0.035884664,0.034751182,0.034751182,0.034751182,0,0,0,102503.5283,2028,4,15
4/23/2028,105065.1692,94662.90629,128891.1932,89638.13048,121987.3368,0.034834404,0.034834404,0.034834404,0.054783169,0.054783169,0.054783169,0.026086009,0.026086009,0.026086009,-0.006137245,-0.006137245,-0.006137245,0,0,0,110820.9722,2028,4,16
4/30/2028,105122.5973,90428.48913,124927.6762,89561.77946,122201.9556,-0.008181174,-0.008181174,-0.008181174,0.013650723,0.013650723,0.013650723,0.036172118,0.036172118,0.036172118,-0.01434022,-0.01434022,-0.01434022,0,0,0,106557.5968,2028,4,17
5/7/2028,105180.0254,94971.686,130198.8046,89418.10259,122373.5505,-0.010094197,-0.010094197,-0.010094197,0.064216923,0.064216923,0.064216923,0.049788669,0.049788669,0.049788669,0.024522451,0.024522451,0.024522451,0,0,0,111934.3631,2028,5,18
5/14/2028,105237.4535,84090.72483,116244.9832,89274.42573,122523.4736,-0.038658494,-0.038658494,-0.038658494,-0.057250919,-0.057250919,-0.057250919,-0.10077814,-0.10077814,-0.10077814,0.082185714,0.082185714,0.082185714,0,0,0,99212.51261,2028,5,19
5/21/2028,105294.8816,96276.685,133633.6786,89138.50564,122777.0243,0.048625056,0.048625056,0.048625056,0.082425966,0.082425966,0.082425966,-0.075459203,-0.075459203,-0.075459203,0.109260114,0.109260114,0.109260114,0,0,0,113973.914,2028,5,20
5/28/2028,105352.3097,89503.90362,124774.7907,89027.96048,123055.7388,-0.013171094,-0.013171094,-0.013171094,0.00998329,0.00998329,0.00998329,-0.053678368,-0.053678368,-0.053678368,0.076832752,0.076832752,0.076832752,0,0,0,106404.0724,2028,5,21
6/4/2028,105409.7378,98023.48817,136421.6508,88993.30621,123266.5548,0.021242533,0.021242533,0.021242533,0.106922953,0.106922953,0.106922953,0.081329388,0.081329388,0.081329388,0.004351032,0.004351032,0.004351032,0,0,0,116680.4583,2028,6,22
6/11/2028,105467.1659,89769.38862,127413.469,88917.49979,123450.2069,-0.042527909,-0.042527909,-0.042527909,0.026370137,0.026370137,0.026370137,0.121827438,0.121827438,0.121827438,-0.052929392,-0.052929392,-0.052929392,0,0,0,108248.3495,2028,6,23
6/18/2028,105524.594,90481.63117,126417.4753,88718.52153,123628.8537,0.01754397,0.01754397,0.01754397,0.018877145,0.018877145,0.018877145,0.051289661,0.051289661,0.051289661,-0.049956486,-0.049956486,-0.049956486,0,0,0,107516.5971,2028,6,24
6/25/2028,105582.0221,91007.33122,128513.5164,88726.29934,123807.5004,0.020573755,0.020573755,0.020573755,0.030895167,0.030895167,0.030895167,0.002004191,0.002004191,0.002004191,0.008317221,0.008317221,0.008317221,0,0,0,108843.9963,2028,6,25
7/2/2028,105639.4502,91744.62848,129216.845,88762.90652,123986.1471,0.025286021,0.025286021,0.025286021,0.03753124,0.03753124,0.03753124,-0.058761151,-0.058761151,-0.058761151,0.07100637,0.07100637,0.07100637,0,0,0,109604.2298,2028,7,26
7/9/2028,105696.8783,89582.01335,126397.8818,88799.51369,124220.2385,-0.030265307,-0.030265307,-0.030265307,0.014497237,0.014497237,0.014497237,-0.042352083,-0.042352083,-0.042352083,0.087114627,0.087114627,0.087114627,0,0,0,107229.191,2028,7,27
7/16/2028,105754.3064,86565.69125,123031.5084,88730.60312,124471.0636,-0.028874055,-0.028874055,-0.028874055,-0.013546531,-0.013546531,-0.013546531,-0.035120327,-0.035120327,-0.035120327,0.050447851,0.050447851,0.050447851,0,0,0,104321.7024,2028,7,28
7/23/2028,105811.7345,92797.39915,132590.7632,88603.87497,124613.436,0.038231082,0.038231082,0.038231082,0.058698897,0.058698897,0.058698897,0.019080051,0.019080051,0.019080051,0.001387764,0.001387764,0.001387764,0,0,0,112022.7666,2028,7,29
7/30/2028,105869.1626,88748.2593,126851.9675,88554.34036,124819.2334,-0.015027636,-0.015027636,-0.015027636,0.012969946,0.012969946,0.012969946,0.042255906,0.042255906,0.042255906,-0.014258324,-0.014258324,-0.014258324,0,0,0,107242.2799,2028,7,30
8/6/2028,105926.5907,93003.26471,132183.9615,88435.94887,125074.4,-0.004321656,-0.004321656,-0.004321656,0.054358905,0.054358905,0.054358905,0.046445183,0.046445183,0.046445183,0.012235379,0.012235379,0.012235379,0,0,0,111684.6442,2028,8,31
8/13/2028,105984.0188,80619.6721,114536.1201,88323.87823,125351.535,-0.039625102,-0.039625102,-0.039625102,-0.084710746,-0.084710746,-0.084710746,-0.093702326,-0.093702326,-0.093702326,0.048616682,0.048616682,0.048616682,0,0,0,97006.03351,2028,8,32
8/20/2028,106041.4469,90135.38683,128854.2502,88269.74645,125605.759,0.047380651,0.047380651,0.047380651,0.025213825,0.025213825,0.025213825,-0.078018465,-0.078018465,-0.078018465,0.055851638,0.055851638,0.055851638,0,0,0,108715.1574,2028,8,33
8/27/2028,106098.875,84150.64866,121741.8712,88244.05398,125848.8504,-0.006516851,-0.006516851,-0.006516851,-0.03907527,-0.03907527,-0.03907527,-0.056816061,-0.056816061,-0.056816061,0.024257641,0.024257641,0.024257641,0,0,0,101953.0328,2028,8,34
9/3/2028,106156.3031,94572.38412,135681.7747,88075.86583,126057.3313,0.026512954,0.026512954,0.026512954,0.082649454,0.082649454,0.082649454,0.077033368,0.077033368,0.077033368,-0.020896868,-0.020896868,-0.020896868,0,0,0,114930.0636,2028,9,35
9/10/2028,106213.7312,90783.43112,131968.1624,87916.08028,126342.4155,-0.041956228,-0.041956228,-0.041956228,0.039326825,0.039326825,0.039326825,0.124877776,0.124877776,0.124877776,-0.043594722,-0.043594722,-0.043594722,0,0,0,110390.78,2028,9,36
9/17/2028,106271.1593,90000.85932,130314.6457,87864.47095,126567.5951,0.00628981,0.00628981,0.00628981,0.030509767,0.030509767,0.030509767,0.049431712,0.049431712,0.049431712,-0.025211755,-0.025211755,-0.025211755,0,0,0,109513.4676,2028,9,37
9/24/2028,106328.5874,92665.46428,133923.277,87810.79687,126753.0979,0.024962317,0.024962317,0.024962317,0.059838071,0.059838071,0.059838071,0.009880331,0.009880331,0.009880331,0.024995422,0.024995422,0.024995422,0,0,0,112691.0849,2028,9,38
10/1/2028,106386.0155,90183.73071,131279.1528,87772.78676,126932.249,0.018362561,0.018362561,0.018362561,0.033730384,0.033730384,0.033730384,-0.063083114,-0.063083114,-0.063083114,0.078450936,0.078450936,0.078450936,0,0,0,109974.4566,2028,10,39
10/8/2028,106443.4436,90558.48859,132998.9098,87731.53519,127141.8651,-0.02563586,-0.02563586,-0.02563586,0.038406822,0.038406822,0.038406822,-0.040545829,-0.040545829,-0.040545829,0.104588511,0.104588511,0.104588511,0,0,0,110531.598,2028,10,40
10/15/2028,106500.8717,89302.02607,131153.8235,87686.011,127330.8044,-0.033135641,-0.033135641,-0.033135641,0.020791433,0.020791433,0.020791433,-0.034529407,-0.034529407,-0.034529407,0.088456481,0.088456481,0.088456481,0,0,0,108715.1773,2028,10,41
10/22/2028,106558.2998,96439.10743,139588.2846,87627.39099,127505.276,0.041792777,0.041792777,0.041792777,0.096265408,0.096265408,0.096265408,0.012181522,0.012181522,0.012181522,0.04229111,0.04229111,0.04229111,0,0,0,116816.178,2028,10,42
10/29/2028,106615.7279,89888.59077,131942.7858,87583.47109,127653.3263,-0.01917833,-0.01917833,-0.01917833,0.0310036,0.0310036,0.0310036,0.048358887,0.048358887,0.048358887,0.001823044,0.001823044,0.001823044,0,0,0,109921.1993,2028,10,43
11/5/2028,106673.156,92010.10067,134245.9152,87520.09727,127787.7975,0.001850158,0.001850158,0.001850158,0.046391232,0.046391232,0.046391232,0.042647997,0.042647997,0.042647997,0.001893078,0.001893078,0.001893078,0,0,0,111621.8551,2028,11,44
11/12/2028,106730.584,79467.82156,118069.6747,87459.74858,127983.802,-0.040607172,-0.040607172,-0.040607172,-0.082201866,-0.082201866,-0.082201866,-0.086050284,-0.086050284,-0.086050284,0.044455591,0.044455591,0.044455591,0,0,0,97957.13092,2028,11,45
11/19/2028,106788.0121,90991.50572,134797.3983,87425.20696,128193.1262,0.043512968,0.043512968,0.043512968,0.051249521,0.051249521,0.051249521,-0.080896885,-0.080896885,-0.080896885,0.088633438,0.088633438,0.088633438,0,0,0,112260.8466,2028,11,46
11/26/2028,106845.4402,88110.77706,131192.1316,87294.3141,128418.7582,0.000986389,0.000986389,0.000986389,0.022260848,0.022260848,0.022260848,-0.059621233,-0.059621233,-0.059621233,0.080895692,0.080895692,0.080895692,0,0,0,109223.9104,2028,11,47
12/3/2028,106902.8683,95672.82459,142549.2078,87210.91392,128668.5873,0.030078215,0.030078215,0.030078215,0.107628707,0.107628707,0.107628707,0.072647551,0.072647551,0.072647551,0.004902941,0.004902941,0.004902941,0,0,0,118408.6858,2028,12,48
12/10/2028,106960.2964,85349.44923,128421.4322,87127.59954,128852.8622,-0.040413356,-0.040413356,-0.040413356,-0.009449683,-0.009449683,-0.009449683,0.127558498,0.127558498,0.127558498,-0.096594825,-0.096594825,-0.096594825,0,0,0,105949.5555,2028,12,49
12/17/2028,107017.7245,76649.32401,114429.7553,87044.37095,129038.7036,-0.004703239,-0.004703239,-0.004703239,-0.112105393,-0.112105393,-0.112105393,0.047870279,0.047870279,0.047870279,-0.155272434,-0.155272434,-0.155272434,0,0,0,95020.46044,2028,12,50
12/24/2028,107075.1526,78304.95795,118192.5167,86965.1698,129258.181,0.028515422,0.028515422,0.028515422,-0.0929609,-0.0929609,-0.0929609,0.017560056,0.017560056,0.017560056,-0.139036377,-0.139036377,-0.139036377,0,0,0,97121.35009,2028,12,51
12/31/2028,107132.5807,73727.823,112185.3454,86869.67325,129478.4028,0.009721722,0.009721722,0.009721722,-0.139527894,-0.139527894,-0.139527894,-0.067291282,-0.067291282,-0.067291282,-0.081958334,-0.081958334,-0.081958334,0,0,0,92184.59738,2028,12,52
1/7/2029,107190.0088,77365.16739,116539.9342,86816.27818,129696.8132,-0.020697881,-0.020697881,-0.020697881,-0.109491861,-0.109491861,-0.109491861,-0.038588713,-0.038588713,-0.038588713,-0.050205266,-0.050205266,-0.050205266,0,0,0,95453.5753,2029,1,1
1/14/2029,107247.4369,73215.88004,111482.9009,86688.37075,129911.0301,-0.035853811,-0.035853811,-0.035853811,-0.146183243,-0.146183243,-0.146183243,-0.034132812,-0.034132812,-0.034132812,-0.07619662,-0.07619662,-0.07619662,0,0,0,91569.6588,2029,1,2
1/21/2029,107304.865,79521.90349,121125.5132,86556.76743,130065.0187,0.04514263,0.04514263,0.04514263,-0.076381919,-0.076381919,-0.076381919,0.005465304,0.005465304,0.005465304,-0.126989853,-0.126989853,-0.126989853,0,0,0,99108.71349,2029,1,3
1/28/2029,107362.2931,76804.47971,116903.1088,86425.16411,130270.7044,-0.020159748,-0.020159748,-0.020159748,-0.104675987,-0.104675987,-0.104675987,0.054384916,0.054384916,0.054384916,-0.138901155,-0.138901155,-0.138901155,0,0,0,96124.03908,2029,1,4
2/4/2029,107419.7212,83003.06953,125894.4836,86293.56079,130505.7618,0.008365485,0.008365485,0.008365485,-0.036247306,-0.036247306,-0.036247306,0.038487263,0.038487263,0.038487263,-0.083100054,-0.083100054,-0.083100054,0,0,0,103526.0457,2029,2,5
2/11/2029,107477.1493,75916.21206,116518.245,86169.38215,130740.779,-0.041569661,-0.041569661,-0.041569661,-0.115736688,-0.115736688,-0.115736688,-0.077890854,-0.077890854,-0.077890854,0.003723826,0.003723826,0.003723826,0,0,0,95038.09998,2029,2,6
2/18/2029,107534.5774,85792.8061,131750.1117,86099.2484,130950.4369,0.036964471,0.036964471,0.036964471,0.005904709,0.005904709,0.005904709,-0.084070333,-0.084070333,-0.084070333,0.053010571,0.053010571,0.053010571,0,0,0,108169.5378,2029,2,7
2/25/2029,107592.0055,84371.58704,128035.5932,86095.06823,131159.1457,0.00841028,0.00841028,0.00841028,-0.025952227,-0.025952227,-0.025952227,-0.062085224,-0.062085224,-0.062085224,0.027722717,0.027722717,0.027722717,0,0,0,104799.7534,2029,2,8
3/4/2029,107649.4336,90250.39527,139043.3007,85973.32938,131369.099,0.031287839,0.031287839,0.031287839,0.054084406,0.054084406,0.054084406,0.068171302,0.068171302,0.068171302,-0.045374736,-0.045374736,-0.045374736,0,0,0,113471.5892,2029,3,9
3/11/2029,107706.8617,83818.72471,130684.1371,85954.50982,131579.4796,-0.037864458,-0.037864458,-0.037864458,-0.009697363,-0.009697363,-0.009697363,0.129850018,0.129850018,0.129850018,-0.101682923,-0.101682923,-0.101682923,0,0,0,106662.3892,2029,3,10
3/18/2029,107764.2898,80234.87189,123687.2694,85828.57822,131789.1652,-0.014571502,-0.014571502,-0.014571502,-0.062810111,-0.062810111,-0.062810111,0.046652775,0.046652775,0.046652775,-0.094891384,-0.094891384,-0.094891384,0,0,0,100995.6028,2029,3,11
3/25/2029,107821.7179,87591.08836,136301.8175,85684.0466,132058.7015,0.031669888,0.031669888,0.031669888,0.024365137,0.024365137,0.024365137,0.024965957,0.024965957,0.024965957,-0.032270708,-0.032270708,-0.032270708,0,0,0,110448.8088,2029,3,12
4/1/2029,107879.146,82941.55166,127423.0951,85552.43336,132333.903,0.000459999,0.000459999,0.000459999,-0.033740668,-0.033740668,-0.033740668,-0.071310743,-0.071310743,-0.071310743,0.037110076,0.037110076,0.037110076,0,0,0,104239.2315,2029,4,13
4/8/2029,107936.5741,86212.75369,134969.4235,85433.801,132571.7179,-0.015525783,-0.015525783,-0.015525783,0.01326374,0.01326374,0.01326374,-0.036520693,-0.036520693,-0.036520693,0.065310216,0.065310216,0.065310216,0,0,0,109368.2167,2029,4,14
4/15/2029,107994.0022,82459.93375,129588.045,85365.55983,132664.1353,-0.037527713,-0.037527713,-0.037527713,-0.029205342,-0.029205342,-0.029205342,-0.033944723,-0.033944723,-0.033944723,0.042267094,0.042267094,0.042267094,0,0,0,104840.0004,2029,4,15
4/22/2029,108051.4303,88687.18883,139074.2682,85223.01348,132889.0229,0.047661283,0.047661283,0.047661283,0.046479927,0.046479927,0.046479927,-0.00099899,-0.00099899,-0.00099899,-0.000182366,-0.000182366,-0.000182366,0,0,0,113073.6528,2029,4,16
4/29/2029,108108.8584,87333.76952,136965.3236,85083.99276,133122.7093,-0.017994793,-0.017994793,-0.017994793,0.025753551,0.025753551,0.025753551,0.060238663,0.060238663,0.060238663,-0.016490319,-0.016490319,-0.016490319,0,0,0,110893.0454,2029,4,17
5/6/2029,108166.2865,90223.75868,142643.1521,84954.63293,133356.3958,0.014981756,0.014981756,0.014981756,0.063941064,0.063941064,0.063941064,0.034057941,0.034057941,0.034057941,0.014901366,0.014901366,0.014901366,0,0,0,115082.5539,2029,5,18
5/13/2029,108223.7146,81270.67487,128703.2561,84831.08571,133590.0822,-0.042306856,-0.042306856,-0.042306856,-0.038877156,-0.038877156,-0.038877156,-0.069301021,-0.069301021,-0.069301021,0.072730721,0.072730721,0.072730721,0,0,0,104016.2843,2029,5,19
5/20/2029,108281.1427,88537.09921,140864.9074,84713.92725,133816.0834,0.028076732,0.028076732,0.028076732,0.049091845,0.049091845,0.049091845,-0.087506869,-0.087506869,-0.087506869,0.108521982,0.108521982,0.108521982,0,0,0,113596.8637,2029,5,20
5/27/2029,108338.5708,87609.24923,139702.1835,84604.29355,134025.4862,0.015057919,0.015057919,0.015057919,0.037639728,0.037639728,0.037639728,-0.064204082,-0.064204082,-0.064204082,0.086785891,0.086785891,0.086785891,0,0,0,112416.4051,2029,5,21
6/3/2029,108395.9988,93837.9014,149612.126,84534.48499,134234.889,0.029714118,0.029714118,0.029714118,0.111261372,0.111261372,0.111261372,0.063603519,0.063603519,0.063603519,0.017943736,0.017943736,0.017943736,0,0,0,120456.2864,2029,6,22
6/10/2029,108453.4269,87957.37946,141710.8824,84469.23448,134444.2919,-0.034415253,-0.034415253,-0.034415253,0.050984779,0.050984779,0.050984779,0.131738128,0.131738128,0.131738128,-0.046338095,-0.046338095,-0.046338095,0,0,0,113982.901,2029,6,23
6/17/2029,108510.855,81344.41561,131153.9318,84403.98398,134653.6947,-0.022714405,-0.022714405,-0.022714405,-0.03235156,-0.03235156,-0.03235156,0.045819723,0.045819723,0.045819723,-0.055456877,-0.055456877,-0.055456877,0,0,0,105000.3596,2029,6,24
6/24/2029,108568.2831,89298.43045,143452.7874,84227.96753,134863.0975,0.034834404,0.034834404,0.034834404,0.062653613,0.062653613,0.062653613,0.032025482,0.032025482,0.032025482,-0.004206273,-0.004206273,-0.004206273,0,0,0,115370.4784,2029,6,25
7/1/2029,108625.7112,81922.5818,132630.3772,84151.33128,135072.5004,-0.008181174,-0.008181174,-0.008181174,-0.021076855,-0.021076855,-0.021076855,-0.075067169,-0.075067169,-0.075067169,0.062171488,0.062171488,0.062171488,0,0,0,106336.2229,2029,7,26
7/8/2029,108683.1393,87166.83704,141959.945,84121.07354,135281.9032,-0.010094197,-0.010094197,-0.010094197,0.044198602,0.044198602,0.044198602,-0.034385859,-0.034385859,-0.034385859,0.088678658,0.088678658,0.088678658,0,0,0,113486.7821,2029,7,27
7/15/2029,108740.5674,82033.725,134332.1685,83952.18039,135493.4831,-0.038658494,-0.038658494,-0.038658494,-0.013188481,-0.013188481,-0.013188481,-0.03397246,-0.03397246,-0.03397246,0.059442473,0.059442473,0.059442473,0,0,0,107306.4445,2029,7,28
7/22/2029,108797.9955,87089.14249,143840.0828,83776.37069,135784.9394,0.048625056,0.048625056,0.048625056,0.050178659,0.050178659,0.050178659,-0.007148039,-0.007148039,-0.007148039,0.008701642,0.008701642,0.008701642,0,0,0,114257.333,2029,7,29
7/29/2029,108855.4236,87122.37681,142132.8758,83715.28713,136091.7246,-0.013171094,-0.013171094,-0.013171094,0.037705254,0.037705254,0.037705254,0.065827164,0.065827164,0.065827164,-0.014950816,-0.014950816,-0.014950816,0,0,0,112959.845,2029,7,30
8/5/2029,108912.8517,86908.60082,143988.5331,83600.20589,136379.2493,0.021242533,0.021242533,0.021242533,0.056206671,0.056206671,0.056206671,0.029458257,0.029458257,0.029458257,0.005505882,0.005505882,0.005505882,0,0,0,115034.4806,2029,8,31
8/12/2029,108970.2798,78462.48532,129390.9553,83514.43432,136435.1306,-0.042527909,-0.042527909,-0.042527909,-0.05952294,-0.05952294,-0.05952294,-0.060364871,-0.060364871,-0.060364871,0.043369841,0.043369841,0.043369841,0,0,0,102484.0484,2029,8,32
8/19/2029,109027.7079,82289.17949,135530.1826,83378.86418,136662.8803,0.01754397,0.01754397,0.01754397,-0.01596518,-0.01596518,-0.01596518,-0.091167055,-0.091167055,-0.091167055,0.057657904,0.057657904,0.057657904,0,0,0,107287.0609,2029,8,33
8/26/2029,109085.136,80703.96686,135636.126,83118.20522,136978.7348,0.020573755,0.020573755,0.020573755,-0.0134559,-0.0134559,-0.0134559,-0.065978854,-0.065978854,-0.065978854,0.031949199,0.031949199,0.031949199,0,0,0,107617.2974,2029,8,34
9/2/2029,109142.5641,89313.81053,147200.7136,83121.86077,137293.9558,0.025286021,0.025286021,0.025286021,0.070686656,0.070686656,0.070686656,0.058943042,0.058943042,0.058943042,-0.013542407,-0.013542407,-0.013542407,0,0,0,116857.487,2029,9,35
9/9/2029,109199.9922,86936.03295,145596.3739,83012.94212,137599.3201,-0.030265307,-0.030265307,-0.030265307,0.060563897,0.060563897,0.060563897,0.133213919,0.133213919,0.133213919,-0.042384716,-0.042384716,-0.042384716,0,0,0,115813.5692,2029,9,36
9/16/2029,109257.4203,81970.45086,136641.5444,82847.48499,137906.0805,-0.028874055,-0.028874055,-0.028874055,-0.014904876,-0.014904876,-0.014904876,0.045404221,0.045404221,0.045404221,-0.031435042,-0.031435042,-0.031435042,0,0,0,107628.952,2029,9,37
9/23/2029,109314.8484,90172.30589,151575.6995,82775.35235,138214.2372,0.038231082,0.038231082,0.038231082,0.091738228,0.091738228,0.091738228,0.038672022,0.038672022,0.038672022,0.014835124,0.014835124,0.014835124,0,0,0,119343.1989,2029,9,38
9/30/2029,109372.2765,79505.85433,135108.8342,82716.57408,138448.6573,-0.015027636,-0.015027636,-0.015027636,-0.023375897,-0.023375897,-0.023375897,-0.078488066,-0.078488066,-0.078488066,0.070139805,0.070139805,0.070139805,0,0,0,106815.6014,2029,9,39
10/7/2029,109429.7046,88517.10286,147509.4163,82633.9466,138595.7325,-0.004321656,-0.004321656,-0.004321656,0.066355637,0.066355637,0.066355637,-0.032231594,-0.032231594,-0.032231594,0.102908887,0.102908887,0.102908887,0,0,0,116690.9823,2029,10,40
10/14/2029,109487.1327,83524.88574,142033.473,82402.01552,138751.1815,-0.039625102,-0.039625102,-0.039625102,0.020436519,0.020436519,0.020436519,-0.034216501,-0.034216501,-0.034216501,0.094278122,0.094278122,0.094278122,0,0,0,111724.6686,2029,10,41
10/21/2029,109544.5608,89128.89936,150762.709,82172.78566,139087.2064,0.047380651,0.047380651,0.047380651,0.085779802,0.085779802,0.085779802,-0.012925704,-0.012925704,-0.012925704,0.051324855,0.051324855,0.051324855,0,0,0,118941.2715,2029,10,42
10/28/2029,109601.9889,87130.37338,149501.3882,82043.465,139423.2312,-0.006516851,-0.006516851,-0.006516851,0.07135648,0.07135648,0.07135648,0.071061322,0.071061322,0.071061322,0.006812008,0.006812008,0.006812008,0,0,0,117422.801,2029,10,43
11/4/2029,109659.417,86776.22439,147667.0678,81856.32028,139674.3349,0.026512954,0.026512954,0.026512954,0.049512091,0.049512091,0.049512091,0.024788099,0.024788099,0.024788099,-0.001788963,-0.001788963,-0.001788963,0,0,0,115088.884,2029,11,44
11/11/2029,109716.8451,77592.69121,132066.3762,81820.03269,139934.3936,-0.041956228,-0.041956228,-0.041956228,-0.058011645,-0.058011645,-0.058011645,-0.051172402,-0.051172402,-0.051172402,0.035116985,0.035116985,0.035116985,0,0,0,103351.9904,2029,11,45
11/18/2029,109774.2732,80687.60711,139620.8771,81781.54549,140225.3618,0.00628981,0.00628981,0.00628981,-0.005488076,-0.005488076,-0.005488076,-0.095004401,-0.095004401,-0.095004401,0.083226515,0.083226515,0.083226515,0,0,0,109171.8236,2029,11,46
11/25/2029,109831.7013,85929.99238,146415.5192,81746.69551,140587.099,0.024962317,0.024962317,0.024962317,0.045153126,0.045153126,0.045153126,-0.067415776,-0.067415776,-0.067415776,0.087606585,0.087606585,0.087606585,0,0,0,114790.9459,2029,11,47
12/2/2029,109889.1294,90360.08458,154201.6619,81660.92171,140947.7656,0.018362561,0.018362561,0.018362561,0.094796802,0.094796802,0.094796802,0.054189081,0.054189081,0.054189081,0.02224516,0.02224516,0.02224516,0,0,0,120306.2674,2029,12,48
12/9/2029,109946.5575,83365.5909,145221.7863,81677.61222,141291.7653,-0.02563586,-0.02563586,-0.02563586,0.028862801,0.028862801,0.028862801,0.134273609,0.134273609,0.134273609,-0.079774948,-0.079774948,-0.079774948,0,0,0,113119.923,2029,12,49
